-- phpMyAdmin SQL Dump
-- version 4.8.5
-- https://www.phpmyadmin.net/
--
-- Host: 127.0.0.1
-- Generation Time: Feb 02, 2022 at 12:44 AM
-- Server version: 10.1.38-MariaDB
-- PHP Version: 7.2.16

SET SQL_MODE = "NO_AUTO_VALUE_ON_ZERO";
SET AUTOCOMMIT = 0;
START TRANSACTION;
SET time_zone = "+00:00";


/*!40101 SET @OLD_CHARACTER_SET_CLIENT=@@CHARACTER_SET_CLIENT */;
/*!40101 SET @OLD_CHARACTER_SET_RESULTS=@@CHARACTER_SET_RESULTS */;
/*!40101 SET @OLD_COLLATION_CONNECTION=@@COLLATION_CONNECTION */;
/*!40101 SET NAMES utf8mb4 */;

--
-- Database: `kmrs2`
--

Truncate table st_templates;
Truncate table st_templates_translation;

--
-- Dumping data for table `st_templates`
--

INSERT INTO `st_templates` (`template_id`, `template_key`, `template_name`, `enabled_email`, `enabled_sms`, `enabled_push`, `tags`, `sms_template_id`, `date_created`, `date_modified`, `ip_address`) VALUES
(2, '', 'Order Invoice', 1, 0, 1, NULL, '', '2021-11-26 14:52:10', '2021-11-26 21:52:10', '127.0.0.1'),
(3, '', 'Customer Full Refund', 1, 0, 1, NULL, '', '2021-11-27 04:43:58', '2021-11-27 11:43:58', '49.147.246.254'),
(4, '', 'Receipt', 1, 0, 1, NULL, '60df2ddaf5f97b279045d663', '2021-11-27 15:47:38', '2021-11-27 22:47:38', '127.0.0.1'),
(5, '', 'New Order', 1, 0, 1, NULL, '', '2021-11-27 15:54:09', '2021-11-27 22:54:09', '127.0.0.1'),
(6, '', 'Order rejected', 1, 0, 1, NULL, '', '2021-11-27 16:02:27', '2021-11-27 23:02:27', '127.0.0.1'),
(7, '', 'Order Cancel', 1, 0, 1, NULL, '', '2021-11-29 02:10:41', '2021-11-29 09:10:41', '127.0.0.1'),
(8, '', 'Delay Order', 1, 1, 1, NULL, '60794b14d658c41e4c0b4808', '2021-11-29 03:11:41', '2021-11-29 10:11:41', '127.0.0.1'),
(9, '', 'Order Accepted', 1, 1, 1, NULL, '60794a60714e9e29d70f2729', '2021-11-29 08:01:07', '2021-11-29 15:01:07', '127.0.0.1'),
(10, '', 'Driver on its way', 1, 0, 1, NULL, '', '2021-11-29 08:11:06', '2021-11-29 15:11:06', '127.0.0.1'),
(11, '', 'Customer Partial Full Refund', 1, 0, 1, NULL, '', '2021-11-29 10:44:22', '2021-11-29 17:44:22', '49.147.246.254'),
(12, '', 'Customer Welcome', 1, 0, 0, NULL, '', '2021-11-29 15:19:51', '2021-11-29 22:19:51', '127.0.0.1'),
(13, '', 'Customer Verification', 1, 1, 0, NULL, '60794c05316ddb4ab610134a', '2021-11-29 15:20:09', '2021-11-29 22:20:09', '127.0.0.1'),
(14, '', 'Customer Reset Password', 1, 1, 0, NULL, '5eefb314d6fc0513522d4747', '2021-11-29 15:20:19', '2021-11-29 22:20:19', '127.0.0.1'),
(15, '', 'Review', 1, 0, 0, NULL, '', '2021-12-01 07:53:27', '2021-12-01 14:53:27', '127.0.0.1'),
(16, '', 'Payout new request', 1, 0, 1, NULL, '', '2021-12-04 03:35:08', '2021-12-04 10:35:08', '127.0.0.1'),
(17, '', 'Payout paid', 1, 0, 0, NULL, '', '2021-12-04 03:35:18', '2021-12-04 10:35:18', '127.0.0.1'),
(18, '', 'Payout Cancel', 1, 0, 1, NULL, '', '2021-12-04 03:35:24', '2021-12-04 10:35:24', '127.0.0.1'),
(19, '', 'New customer signup', 0, 0, 1, NULL, '', '2021-12-10 02:00:54', '2021-12-10 09:00:54', '127.0.0.1'),
(20, '', 'New cancell order', 1, 0, 1, NULL, '', '2021-12-10 04:44:40', '2021-12-10 11:44:40', '127.0.0.1'),
(21, '', 'Order on its way', 0, 0, 1, NULL, '', '2021-12-14 09:43:19', '2021-12-14 16:43:19', '127.0.0.1'),
(22, '', 'Order delivered', 1, 0, 1, NULL, '', '2021-12-14 09:43:44', '2021-12-14 16:43:44', '127.0.0.1'),
(23, '', 'Order delivery failed', 0, 0, 1, NULL, '', '2021-12-14 09:44:34', '2021-12-14 16:44:34', '127.0.0.1'),
(24, '', 'Merchant Welcome Email', 1, 0, 0, NULL, '', '2021-12-23 02:10:07', '2021-12-23 09:10:07', '127.0.0.1'),
(25, '', 'Merchant Confirm account', 1, 0, 1, NULL, '', '2021-12-23 02:13:15', '2021-12-23 09:13:15', '127.0.0.1'),
(26, '', 'Merchant new signup', 1, 1, 1, NULL, '', '2021-12-23 11:50:50', '2021-12-23 18:50:50', '127.0.0.1'),
(27, '', 'Merchant plan expired', 1, 0, 1, NULL, '', '2021-12-29 16:09:44', '2021-12-29 23:09:44', '127.0.0.1'),
(28, '', 'Merchant plan near expiration', 1, 0, 1, NULL, '', '2021-12-29 16:17:51', '2021-12-29 23:17:51', '127.0.0.1'),
(29, '', 'Forgot password', 1, 0, 0, NULL, '', '2022-02-20 18:07:48', '2022-02-20 18:07:48', '127.0.0.1'),
(30, '', 'Delivery Order accepted', 0, 0, 1, NULL, '', '2022-08-04 19:46:55', '2022-08-04 19:46:55', '127.0.0.1'),
(31, '', 'Delivery on the way to restaurant', 0, 0, 1, NULL, '', '2022-08-04 21:14:07', '2022-08-04 21:14:07', '127.0.0.1'),
(32, '', 'Driver Verification code', 1, 1, 0, NULL, '60794c05316ddb4ab610134a', '2022-08-09 16:02:43', '2022-08-09 16:02:43', '127.0.0.1'),
(33, '', 'Delivery Status', 0, 0, 1, NULL, '', '2022-08-27 22:35:19', '2022-08-27 22:35:19', '127.0.0.1'),
(34, '', 'Invoice created', 1, 0, 1, NULL, '', '2022-12-10 19:57:24', '2022-12-10 19:57:24', '127.0.0.1'),
(35, '', 'Invoice new upload deposit', 1, 0, 1, NULL, '', '2022-12-10 20:02:20', '2022-12-10 20:02:20', '127.0.0.1'),
(36, '', 'Booking requested', 1, 0, 0, NULL, '', '2022-12-13 07:51:17', '2022-12-13 07:51:17', '127.0.0.1'),
(37, '', 'Booking confirmed', 0, 0, 1, NULL, '', '2022-12-13 07:55:48', '2022-12-13 07:55:48', '127.0.0.1'),
(38, '', 'Booking Update status', 0, 0, 1, NULL, '', '2022-12-24 19:21:55', '2022-12-24 19:21:55', '127.0.0.1'),
(39, '', 'Contact Us', 1, 0, 1, NULL, '', '2022-12-28 18:56:04', '2022-12-28 18:56:04', '127.0.0.1'),
(40, '', 'Delivery arrived at restaurant', 0, 0, 1, NULL, '', '2023-02-04 19:53:22', '2023-02-04 19:53:22', '127.0.0.1'),
(41, '', 'Delivery order pickup', 0, 0, 1, NULL, '', '2023-02-04 19:54:53', '2023-02-04 19:54:53', '127.0.0.1'),
(42, '', 'Delivery missed assigned task', 0, 0, 1, NULL, '', '2023-02-10 18:59:39', '2023-02-10 18:59:39', '127.0.0.1'),
(43, '', 'Delivery order OTP to customer', 1, 0, 1, NULL, '', '2023-02-15 10:15:44', '2023-02-15 10:15:44', '127.0.0.1'),
(44, '', 'Delivery order assigned to driver', 0, 0, 1, NULL, '', '2023-02-15 20:06:33', '2023-02-15 20:06:33', '127.0.0.1'),
(45, '', 'Delivery order ready for pickup', 0, 0, 1, NULL, '', '2023-02-15 22:05:04', '2023-02-15 22:05:04', '127.0.0.1'),
(46, '', 'Delivery auto assign order', 0, 0, 1, NULL, '', '2023-02-16 19:35:57', '2023-02-16 19:35:57', '127.0.0.1'),
(47, '', 'Delivery started to customer', 0, 0, 1, NULL, '', '2023-02-22 09:59:37', '2023-02-22 09:59:37', '127.0.0.1'),
(48, '', 'Delivery arrived at customer location', 0, 0, 1, NULL, '', '2023-02-22 10:00:53', '2023-02-22 10:00:53', '127.0.0.1'),
(49, '', 'Test runactions', 1, 1, 1, NULL, '5eefb314d6fc0513522d4747', '2023-05-17 20:10:42', '2023-05-17 20:10:42', '127.0.0.1'),
(50, '', 'Complete registration', 1, 0, 0, NULL, '', '2023-12-30 23:20:36', '2023-12-30 23:20:36', '127.0.0.1'),
(51, '', 'New Bank Deposit Uploaded for Subscription Payment', 1, 0, 1, NULL, '', '2024-08-05 18:01:23', '2024-08-05 18:01:23', '127.0.0.1'),
(52, '', 'Bank Subscription Approved', 1, 0, 0, NULL, '', '2024-08-07 17:51:52', '2024-08-07 17:51:52', '127.0.0.1'),
(53, '', 'Merchant Registration is Approved', 1, 0, 0, NULL, '', '2024-08-08 10:05:24', '2024-08-08 10:05:24', '127.0.0.1'),
(54, '', 'Subscription Payment Received and Processed', 1, 0, 0, NULL, '', '2024-08-08 19:13:52', '2024-08-08 19:13:52', '127.0.0.1'),
(55, '', 'Subscription Payment Failed', 1, 0, 0, NULL, '', '2024-08-08 22:01:42', '2024-08-08 22:01:42', '127.0.0.1'),
(56, '', 'Subscription Canceled', 1, 0, 0, NULL, '', '2024-08-09 16:59:48', '2024-08-09 16:59:48', '127.0.0.1');

INSERT INTO `st_templates_translation` (`id`, `template_id`, `template_type`, `language`, `title`, `content`) VALUES
(1522, 12, 'email', 'en', '{{site.title}} - Registration', '{% include \'header.html\' %}\r\n<table style=\"width:100%;\">\r\n <tbody><tr>\r\n  <td style=\"background:#fef9ef;padding:20px 30px;\">\r\n    <img style=\"max-width:20%;max-height:50px;\" src=\"{{logo}}\">\r\n  </td>\r\n </tr>\r\n <tr>\r\n   <td style=\"padding:30px;background:#ffffff;\" valign=\"middle\" align=\"left\">\r\n    \r\n    <p style=\"margin-bottom:10px;\">Hi {{first_name}} {{last_name}},</p>\r\n	\r\n	<p>You\'ve successfully signed up for a {{site.title}} account! You can use this next time you order through {{site.title}},</p>		\r\n	<p>and you’ll get the latest promos, news, and updates.</p>\r\n	\r\n	<div style=\"padding-top:20px;\">\r\n	<p>Thank You!</p>\r\n	<p>{{site.title}} Team</p>\r\n	</div>\r\n	\r\n   </td>\r\n </tr>\r\n \r\n \r\n \r\n  \r\n <tr>\r\n  <td style=\"background:#fef9ef;padding:20px 30px;\">\r\n    \r\n   <table style=\"width:100%; table-layout: fixed;\">\r\n	  <tbody><tr>\r\n	    <th colspan=\"3\" style=\"text-align: left;\"><h5>Contact Us</h5></th>\r\n	    <th colspan=\"7\" style=\"text-align: left;\"><h5>For  promos, news, and updates, follow us on:</h5></th>\r\n	  </tr>\r\n	  <tr>\r\n	    <td colspan=\"3\" style=\"text-align: left; padding:0 3px;\" valign=\"top\">\r\n	     <p>{{site.address}}</p>\r\n         <p>{{site.contact}}</p>\r\n         <p>{{site.email}}</p>\r\n	    </td><td colspan=\"7\" style=\"padding:0 3px;\" valign=\"top\">\r\n	    \r\n	      {% include \'social_link.html\' %}\r\n	     \r\n	     <table>\r\n	      <tbody><tr>\r\n	      <td style=\"padding:0;\"><a href=\"#\" style=\"color:#000;font-size:16px;\">Terms and Conditions</a></td>\r\n	      <td>●</td>\r\n	      <td style=\"padding:0;\"><a href=\"#\" style=\"color:#000;font-size:16px;\">Privacy Policy</a></td>\r\n	      </tr>\r\n	     </tbody></table>\r\n	    \r\n	    </td>\r\n	  </tr>\r\n	</tbody></table>\r\n  \r\n  </td>\r\n </tr>\r\n \r\n</tbody></table>\r\n{% include \'footer.html\' %}\r\n'),
(1523, 12, 'email', 'ja', '', ''),
(1524, 12, 'email', 'ar', '', ''),
(1525, 12, 'sms', 'en', '', ''),
(1526, 12, 'sms', 'ja', '', ''),
(1527, 12, 'sms', 'ar', '', ''),
(1528, 12, 'push', 'en', '', ''),
(1529, 12, 'push', 'ja', '', ''),
(1530, 12, 'push', 'ar', '', ''),
(1531, 15, 'email', 'en', 'Review your order {{order_info.order_id}}', ''),
(1532, 15, 'email', 'ja', '', ''),
(1533, 15, 'email', 'ar', '', ''),
(1534, 15, 'sms', 'en', '', ''),
(1535, 15, 'sms', 'ja', '', ''),
(1536, 15, 'sms', 'ar', '', ''),
(1537, 15, 'push', 'en', '', ''),
(1538, 15, 'push', 'ja', '', ''),
(1539, 15, 'push', 'ar', '', ''),
(1639, 17, 'email', 'en', 'Payout paid', '{% include \'header.html\' %}\r\n<table style=\"width:100%;\">\r\n <tbody><tr>\r\n  <td style=\"background:#fef9ef;padding:20px 30px;\">\r\n    <img style=\"max-width:20%;max-height:50px;\" src=\"{{logo}}\">\r\n  </td>\r\n </tr>\r\n <tr>\r\n   <td style=\"padding:30px;background:#ffffff;\" valign=\"middle\" align=\"left\">\r\n    \r\n    <p style=\"margin-bottom:15px;\">Hi {{restaurant_name}}<br></p>\r\n	\r\n	<p>Your Payout with transaction #{{transaction_id}} has been paid.</p>	\r\n	\r\n	<h5>Payout Details</h5>\r\n	<table width=\"60%\">\r\n	 <tbody><tr>\r\n	  <td width=\"25%\">Amount</td>\r\n	  <td>{{transaction_amount}}</td>\r\n	 </tr>\r\n	 <tr>\r\n	  <td>Payment Method</td>\r\n	  <td>{{payment_methood}</td>\r\n	 </tr>	\r\n	  <tr>\r\n	  <td>Transaction</td>\r\n	  <td>{{transaction_description}}</td>\r\n	 </tr>	\r\n	  <tr>\r\n	  <td>Date requested</td>\r\n	  <td>{{transaction_date}}</td>\r\n	 </tr>	 \r\n	</tbody></table>\r\n	\r\n   </td>\r\n </tr>\r\n \r\n \r\n \r\n  \r\n <tr>\r\n  <td style=\"background:#fef9ef;padding:20px 30px;\">\r\n    \r\n   <table style=\"width:100%; table-layout: fixed;\">\r\n	  <tbody><tr>\r\n	    <th colspan=\"3\" style=\"text-align: left;\"><h5>Contact Us</h5></th>\r\n	    <th colspan=\"7\" style=\"text-align: left;\"><h5>For  promos, news, and updates, follow us on:</h5></th>\r\n	  </tr>\r\n	  <tr>\r\n	    <td colspan=\"3\" style=\"text-align: left; padding:0 3px;\" valign=\"top\">\r\n	     <p>{{site.address}}</p>\r\n         <p>{{site.contact}}</p>\r\n         <p>{{site.email}}</p>\r\n	    </td><td colspan=\"7\" style=\"padding:0 3px;\" valign=\"top\">\r\n	    \r\n	      {% include \'social_link.html\' %}\r\n	     \r\n	     <table>\r\n	      <tbody><tr>\r\n	      <td style=\"padding:0;\"><a href=\"#\" style=\"color:#000;font-size:16px;\">Terms and Conditions</a></td>\r\n	      <td>●</td>\r\n	      <td style=\"padding:0;\"><a href=\"#\" style=\"color:#000;font-size:16px;\">Privacy Policy</a></td>\r\n	      </tr>\r\n	     </tbody></table>\r\n	    \r\n	    </td>\r\n	  </tr>\r\n	</tbody></table>\r\n  \r\n  </td>\r\n </tr>\r\n \r\n</tbody></table>\r\n{% include \'footer.html\' %}\r\n'),
(1640, 17, 'email', 'ja', '', ''),
(1641, 17, 'email', 'ar', '', ''),
(1642, 17, 'sms', 'en', '', ''),
(1643, 17, 'sms', 'ja', '', ''),
(1644, 17, 'sms', 'ar', '', ''),
(1645, 17, 'push', 'en', '', ''),
(1646, 17, 'push', 'ja', '', ''),
(1647, 17, 'push', 'ar', '', ''),
(1738, 5, 'email', 'en', 'New order #{{order_info.order_id}} from {{order_info.customer_name}}', '{% include \'header.html\' %}\r\n<table style=\"width:100%;\">\r\n <tbody><tr>\r\n  <td style=\"background:#fef9ef;padding:20px 30px;\">\r\n    <img style=\"max-width:20%;max-height:50px;\" src=\"{{logo}}\">\r\n  </td>\r\n </tr> \r\n <tr>\r\n  <td style=\"background:#ffffff;\">\r\n  \r\n    {% include \'summary.html\' %}\r\n   \r\n  </td>\r\n </tr>\r\n \r\n <tr>\r\n   <td>\r\n     {% include \'items.html\' %}\r\n   </td>\r\n </tr>\r\n  \r\n <tr>\r\n  <td style=\"background:#fef9ef;padding:20px 30px;\">\r\n    \r\n   <table style=\"width:100%; table-layout: fixed;\">\r\n	  <tbody><tr>\r\n	    <th colspan=\"3\" style=\"text-align: left;\"><h5>Contact Us</h5></th>\r\n	    <th colspan=\"7\" style=\"text-align: left;\"><h5>For  promos, news, and updates, follow us on:</h5></th>\r\n	  </tr>\r\n	  <tr>\r\n	    <td colspan=\"3\" style=\"text-align: left; padding:0 3px;\" valign=\"top\">\r\n	     <p>{{site.address}}</p>\r\n         <p>{{site.contact}}</p>\r\n         <p>{{site.email}}</p>\r\n	    </td><td colspan=\"7\" style=\"padding:0 3px;\" valign=\"top\">\r\n	    \r\n	      {% include \'social_link.html\' %}\r\n	     \r\n	     <table>\r\n	      <tbody><tr>\r\n	      <td style=\"padding:0;\"><a href=\"#\" style=\"color:#000;font-size:16px;\">Terms and Conditions</a></td>\r\n	      <td>●</td>\r\n	      <td style=\"padding:0;\"><a href=\"#\" style=\"color:#000;font-size:16px;\">Privacy Policy</a></td>\r\n	      </tr>\r\n	     </tbody></table>\r\n	    \r\n	    </td>\r\n	  </tr>\r\n	</tbody></table>\r\n  \r\n  </td>\r\n </tr>\r\n \r\n</tbody></table>\r\n{% include \'footer.html\' %}\r\n'),
(1739, 5, 'email', 'ja', '', ''),
(1740, 5, 'email', 'ar', '', ''),
(1741, 5, 'sms', 'en', '', 'New order #{{order_info.order_id}} from {{order_info.customer_name}}'),
(1742, 5, 'sms', 'ja', '', ''),
(1743, 5, 'sms', 'ar', '', ''),
(1744, 5, 'push', 'en', 'You have new order from {{customer_name}}', 'Order#{{order_id}} from {{customer_name}}'),
(1745, 5, 'push', 'ja', '', ''),
(1746, 5, 'push', 'ar', '', ''),
(1837, 19, 'email', 'en', 'You have new customer signup', '{% include \'header.html\' %}\r\n<table style=\"width:100%;\">\r\n <tbody><tr>\r\n  <td style=\"background:#fef9ef;padding:20px 30px;\">\r\n    <img style=\"max-width:20%;max-height:50px;\" src=\"{{logo}}\">\r\n  </td>\r\n </tr>\r\n <tr>\r\n   <td style=\"padding:30px;background:#ffffff;\" valign=\"middle\" align=\"left\">\r\n    \r\n    <p style=\"margin-bottom:15px;\">Hi <br></p>\r\n	\r\n	<p>You have new customer signup.</p>	\r\n	\r\n	<h5>Customer Details</h5>\r\n	<table width=\"60%\">\r\n	 <tbody><tr>\r\n	  <td width=\"25%\">First name</td>\r\n	  <td>{{first_name}}</td>\r\n	 </tr>\r\n	 <tr>\r\n	  <td>Last name</td>\r\n	  <td>{{last_name}}</td>\r\n	 </tr>	\r\n	  <tr>\r\n	  <td>Email address</td>\r\n	  <td>{{email_address}}</td>\r\n	 </tr>	\r\n	  <tr>\r\n	  <td>Phone number</td>\r\n	  <td>{{contact_phone}}</td>\r\n	 </tr>	 \r\n	</tbody></table>\r\n	\r\n   </td>\r\n </tr>\r\n \r\n \r\n \r\n  \r\n <tr>\r\n  <td style=\"background:#fef9ef;padding:20px 30px;\">\r\n    \r\n   <table style=\"width:100%; table-layout: fixed;\">\r\n	  <tbody><tr>\r\n	    <th colspan=\"3\" style=\"text-align: left;\"><h5>Contact Us</h5></th>\r\n	    <th colspan=\"7\" style=\"text-align: left;\"><h5>For  promos, news, and updates, follow us on:</h5></th>\r\n	  </tr>\r\n	  <tr>\r\n	    <td colspan=\"3\" style=\"text-align: left; padding:0 3px;\" valign=\"top\">\r\n	     <p>{{site.address}}</p>\r\n         <p>{{site.contact}}</p>\r\n         <p>{{site.email}}</p>\r\n	    </td><td colspan=\"7\" style=\"padding:0 3px;\" valign=\"top\">\r\n	    \r\n	      {% include \'social_link.html\' %}\r\n	     \r\n	     <table>\r\n	      <tbody><tr>\r\n	      <td style=\"padding:0;\"><a href=\"#\" style=\"color:#000;font-size:16px;\">Terms and Conditions</a></td>\r\n	      <td>●</td>\r\n	      <td style=\"padding:0;\"><a href=\"#\" style=\"color:#000;font-size:16px;\">Privacy Policy</a></td>\r\n	      </tr>\r\n	     </tbody></table>\r\n	    \r\n	    </td>\r\n	  </tr>\r\n	</tbody></table>\r\n  \r\n  </td>\r\n </tr>\r\n \r\n</tbody></table>\r\n{% include \'footer.html\' %}\r\n'),
(1838, 19, 'email', 'ja', '', ''),
(1839, 19, 'email', 'ar', '', ''),
(1840, 19, 'sms', 'en', '', 'You have new customer signup'),
(1841, 19, 'sms', 'ja', '', ''),
(1842, 19, 'sms', 'ar', '', ''),
(1843, 19, 'push', 'en', 'You have new customer signup', '{{first_name}} {{last_name}} has signup'),
(1844, 19, 'push', 'ja', '', ''),
(1845, 19, 'push', 'ar', '', ''),
(1909, 16, 'email', 'en', 'Payout new request', '{% include \'header.html\' %}\r\n<table style=\"width:100%;\">\r\n <tbody><tr>\r\n  <td style=\"background:#fef9ef;padding:20px 30px;\">\r\n    <img style=\"max-width:20%;max-height:50px;\" src=\"{{logo}}\">\r\n  </td>\r\n </tr>\r\n <tr>\r\n   <td style=\"padding:30px;background:#ffffff;\" valign=\"middle\" align=\"left\">\r\n    \r\n    <p style=\"margin-bottom:15px;\">Hi <br></p>\r\n	\r\n	<p style=\"margin-bottom:10px;\">New payout request by merchant details below.</p>	\r\n	\r\n	<h5>Payout Details</h5>\r\n	<table width=\"60%\">\r\n	 <tbody><tr>\r\n	  <td width=\"25%\">Amount</td>\r\n	  <td>{{transaction_amount}}</td>\r\n	 </tr>\r\n	 <tr>\r\n	  <td>Payment Method</td>\r\n	  <td>{{payment_method}}</td>\r\n	 </tr>	\r\n	  <tr>\r\n	  <td>Transaction</td>\r\n	  <td>{{transaction_description}}</td>\r\n	 </tr>	\r\n	  <tr>\r\n	  <td>Date requested</td>\r\n	  <td>{{transaction_date}}</td>\r\n	 </tr>	 \r\n	</tbody></table>\r\n	\r\n   </td>\r\n </tr>\r\n \r\n \r\n \r\n  \r\n <tr>\r\n  <td style=\"background:#fef9ef;padding:20px 30px;\">\r\n    \r\n   <table style=\"width:100%; table-layout: fixed;\">\r\n	  <tbody><tr>\r\n	    <th colspan=\"3\" style=\"text-align: left;\"><h5>Contact Us</h5></th>\r\n	    <th colspan=\"7\" style=\"text-align: left;\"><h5>For  promos, news, and updates, follow us on:</h5></th>\r\n	  </tr>\r\n	  <tr>\r\n	    <td colspan=\"3\" style=\"text-align: left; padding:0 3px;\" valign=\"top\">\r\n	     <p>{{site.address}}</p>\r\n         <p>{{site.contact}}</p>\r\n         <p>{{site.email}}</p>\r\n	    </td><td colspan=\"7\" style=\"padding:0 3px;\" valign=\"top\">\r\n	    \r\n	      {% include \'social_link.html\' %}\r\n	     \r\n	     <table>\r\n	      <tbody><tr>\r\n	      <td style=\"padding:0;\"><a href=\"#\" style=\"color:#000;font-size:16px;\">Terms and Conditions</a></td>\r\n	      <td>●</td>\r\n	      <td style=\"padding:0;\"><a href=\"#\" style=\"color:#000;font-size:16px;\">Privacy Policy</a></td>\r\n	      </tr>\r\n	     </tbody></table>\r\n	    \r\n	    </td>\r\n	  </tr>\r\n	</tbody></table>\r\n  \r\n  </td>\r\n </tr>\r\n \r\n</tbody></table>\r\n{% include \'footer.html\' %}\r\n'),
(1910, 16, 'email', 'ja', '', ''),
(1911, 16, 'email', 'ar', '', ''),
(1912, 16, 'sms', 'en', '', ''),
(1913, 16, 'sms', 'ja', '', ''),
(1914, 16, 'sms', 'ar', '', ''),
(1915, 16, 'push', 'en', 'New payout new request', 'New payout new request from {{restaurant_name}}'),
(1916, 16, 'push', 'ja', '', ''),
(1917, 16, 'push', 'ar', '', ''),
(1927, 18, 'email', 'en', 'Payout cancelled', '{% include \'header.html\' %}\r\n<table style=\"width:100%;\">\r\n <tbody><tr>\r\n  <td style=\"background:#fef9ef;padding:20px 30px;\">\r\n    <img style=\"max-width:20%;max-height:50px;\" src=\"{{logo}}\">\r\n  </td>\r\n </tr>\r\n <tr>\r\n   <td style=\"padding:30px;background:#ffffff;\" valign=\"middle\" align=\"left\">\r\n    \r\n    <p style=\"margin-bottom:15px;\">Hi {{restaurant_name}}<br></p>\r\n	\r\n	<p>Your Payout with transaction #{{transaction_id}} has been cancelled.</p>	\r\n	\r\n	<h5>Payout Details</h5>\r\n	<table width=\"60%\">\r\n	 <tbody><tr>\r\n	  <td width=\"25%\">Amount</td>\r\n	  <td>{{transaction_amount}}</td>\r\n	 </tr>\r\n	 <tr>\r\n	  <td>Payment Method</td>\r\n	  <td>{{payment_methood}}</td>\r\n	 </tr>	\r\n	  <tr>\r\n	  <td>Transaction</td>\r\n	  <td>{{transaction_description}}</td>\r\n	 </tr>	\r\n	  <tr>\r\n	  <td>Date requested</td>\r\n	  <td>{{transaction_date}}</td>\r\n	 </tr>	 \r\n	</tbody></table>\r\n	\r\n   </td>\r\n </tr>\r\n \r\n \r\n \r\n  \r\n <tr>\r\n  <td style=\"background:#fef9ef;padding:20px 30px;\">\r\n    \r\n   <table style=\"width:100%; table-layout: fixed;\">\r\n	  <tbody><tr>\r\n	    <th colspan=\"3\" style=\"text-align: left;\"><h5>Contact Us</h5></th>\r\n	    <th colspan=\"7\" style=\"text-align: left;\"><h5>For  promos, news, and updates, follow us on:</h5></th>\r\n	  </tr>\r\n	  <tr>\r\n	    <td colspan=\"3\" style=\"text-align: left; padding:0 3px;\" valign=\"top\">\r\n	     <p>{{site.address}}</p>\r\n         <p>{{site.contact}}</p>\r\n         <p>{{site.email}}</p>\r\n	    </td><td colspan=\"7\" style=\"padding:0 3px;\" valign=\"top\">\r\n	    \r\n	      {% include \'social_link.html\' %}\r\n	     \r\n	     <table>\r\n	      <tbody><tr>\r\n	      <td style=\"padding:0;\"><a href=\"#\" style=\"color:#000;font-size:16px;\">Terms and Conditions</a></td>\r\n	      <td>●</td>\r\n	      <td style=\"padding:0;\"><a href=\"#\" style=\"color:#000;font-size:16px;\">Privacy Policy</a></td>\r\n	      </tr>\r\n	     </tbody></table>\r\n	    \r\n	    </td>\r\n	  </tr>\r\n	</tbody></table>\r\n  \r\n  </td>\r\n </tr>\r\n \r\n</tbody></table>\r\n{% include \'footer.html\' %}\r\n'),
(1928, 18, 'email', 'ja', '', ''),
(1929, 18, 'email', 'ar', '', ''),
(1930, 18, 'sms', 'en', '', ''),
(1931, 18, 'sms', 'ja', '', ''),
(1932, 18, 'sms', 'ar', '', ''),
(1933, 18, 'push', 'en', 'Your payout request is cancelled', '{{restaurant_name}} Your payout request with the amount of {{transaction_amount}} is cancel'),
(1934, 18, 'push', 'ja', '', ''),
(1935, 18, 'push', 'ar', '', ''),
(2071, 10, 'email', 'en', 'Order is on the way!', '{% include \'header.html\' %}\r\n\r\n\r\n\r\n<table style=\"width:100%;\">\r\n <tbody><tr>\r\n  <td style=\"background:#fef9ef;padding:20px 30px;\">\r\n    <img style=\"max-width:15%;max-height:50px;\" src=\"{{logo}}\">\r\n  </td>\r\n </tr>\r\n <tr>\r\n   <td style=\"padding:30px;background:#ffffff;\" valign=\"middle\" align=\"center\">\r\n    <h2 style=\"margin:0;\">Order is on the way!<br></h2>\r\n    <p style=\"padding:10px;\">For everyone safety is our priority so remember to wash your hands before and after receiving your order<br></p>\r\n    <br>    \r\n    <a href=\"{{order.order_info.tracking_link}}\" target=\"_blank\" style=\"display:block;margin:auto;max-width:200px;padding:10px;background:#3ecf8e;color:#fff;\r\n     text-decoration:none;font-size:18px;font-weight:bold;\">\r\n     Track Order\r\n     </a>\r\n    \r\n   </td>\r\n </tr>\r\n \r\n <tr>\r\n  <td style=\"background:#fef9ef;\">\r\n      {% include \'summary.html\' %}\r\n  </td>\r\n </tr>\r\n \r\n <tr>\r\n   <td style=\"background:#ffffff;\">\r\n     {% include \'items.html\' %}\r\n   </td>\r\n </tr>\r\n  \r\n <tr>\r\n  <td style=\"background:#fef9ef;padding:20px 30px;\">\r\n    \r\n    <table style=\"width:100%; table-layout: fixed;\">\r\n	  <tbody><tr>\r\n	    <th colspan=\"3\" style=\"text-align: left;\"><h5>Contact Us</h5></th>\r\n	    <th colspan=\"7\" style=\"text-align: left;\"><h5>For  promos, news, and updates, follow us on:</h5></th>\r\n	  </tr>\r\n	  <tr>\r\n	    <td colspan=\"3\" style=\"text-align: left; padding:0 3px;\" valign=\"top\">\r\n	     <p>{{site.address}}</p>\r\n         <p>{{site.contact}}</p>\r\n         <p>{{site.email}}</p>\r\n	    </td><td colspan=\"7\" style=\"padding:0 3px;\" valign=\"top\">\r\n	    \r\n	    {% include \'social_link.html\' %}\r\n	     \r\n	     <table>\r\n	      <tbody><tr>\r\n	      <td style=\"padding:0;\"><a href=\"#\" style=\"color:#000;font-size:16px;\">Terms and Conditions</a></td>\r\n	      <td>●</td>\r\n	      <td style=\"padding:0;\"><a href=\"#\" style=\"color:#000;font-size:16px;\">Privacy Policy</a></td>\r\n	      </tr>\r\n	     </tbody></table>\r\n	    \r\n	    </td>\r\n	  </tr>\r\n	</tbody></table>\r\n  \r\n  </td>\r\n </tr>\r\n \r\n</tbody></table>\r\n\r\n{% include \'footer.html\' %}'),
(2072, 10, 'email', 'ja', '', ''),
(2073, 10, 'email', 'ar', '', ''),
(2074, 10, 'sms', 'en', '', ''),
(2075, 10, 'sms', 'ja', '', ''),
(2076, 10, 'sms', 'ar', '', ''),
(2077, 10, 'push', 'en', 'Your order #{{order_id}} is on its way!', 'Your order #{{order_id}} is on its way!'),
(2078, 10, 'push', 'ja', '', ''),
(2079, 10, 'push', 'ar', '', ''),
(2080, 21, 'email', 'en', 'Order is on the way!', '{% include \'header.html\' %}\r\n\r\n\r\n\r\n<table style=\"width:100%;\">\r\n <tbody><tr>\r\n  <td style=\"background:#fef9ef;padding:20px 30px;\">\r\n    <img style=\"max-width:15%;max-height:50px;\" src=\"{{logo}}\">\r\n  </td>\r\n </tr>\r\n <tr>\r\n   <td style=\"padding:30px;background:#ffffff;\" valign=\"middle\" align=\"center\">\r\n    <h2 style=\"margin:0;\">Order is on the way!<br></h2>\r\n    <p style=\"padding:10px;\">For everyone safety is our priority so remember to wash your hands before and after receiving your order<br></p>\r\n    <br>    \r\n    <a href=\"{{order.order_info.tracking_link}}\" target=\"_blank\" style=\"display:block;margin:auto;max-width:200px;padding:10px;background:#3ecf8e;color:#fff;\r\n     text-decoration:none;font-size:18px;font-weight:bold;\">\r\n     Track Order\r\n     </a>\r\n    \r\n   </td>\r\n </tr>\r\n \r\n <tr>\r\n  <td style=\"background:#fef9ef;\">\r\n      {% include \'summary.html\' %}\r\n  </td>\r\n </tr>\r\n \r\n <tr>\r\n   <td style=\"background:#ffffff;\">\r\n     {% include \'items.html\' %}\r\n   </td>\r\n </tr>\r\n  \r\n <tr>\r\n  <td style=\"background:#fef9ef;padding:20px 30px;\">\r\n    \r\n    <table style=\"width:100%; table-layout: fixed;\">\r\n	  <tbody><tr>\r\n	    <th colspan=\"3\" style=\"text-align: left;\"><h5>Contact Us</h5></th>\r\n	    <th colspan=\"7\" style=\"text-align: left;\"><h5>For  promos, news, and updates, follow us on:</h5></th>\r\n	  </tr>\r\n	  <tr>\r\n	    <td colspan=\"3\" style=\"text-align: left; padding:0 3px;\" valign=\"top\">\r\n	     <p>{{site.address}}</p>\r\n         <p>{{site.contact}}</p>\r\n         <p>{{site.email}}</p>\r\n	    </td><td colspan=\"7\" style=\"padding:0 3px;\" valign=\"top\">\r\n	    \r\n	    {% include \'social_link.html\' %}\r\n	     \r\n	     <table>\r\n	      <tbody><tr>\r\n	      <td style=\"padding:0;\"><a href=\"#\" style=\"color:#000;font-size:16px;\">Terms and Conditions</a></td>\r\n	      <td>●</td>\r\n	      <td style=\"padding:0;\"><a href=\"#\" style=\"color:#000;font-size:16px;\">Privacy Policy</a></td>\r\n	      </tr>\r\n	     </tbody></table>\r\n	    \r\n	    </td>\r\n	  </tr>\r\n	</tbody></table>\r\n  \r\n  </td>\r\n </tr>\r\n \r\n</tbody></table>\r\n\r\n{% include \'footer.html\' %}'),
(2081, 21, 'email', 'ja', '', ''),
(2082, 21, 'email', 'ar', '', ''),
(2083, 21, 'sms', 'en', '', ''),
(2084, 21, 'sms', 'ja', '', ''),
(2085, 21, 'sms', 'ar', '', ''),
(2086, 21, 'push', 'en', 'Your order #{{order_id}} is on its way!', 'Your order #{{order_id}} is on its way!'),
(2087, 21, 'push', 'ja', '', ''),
(2088, 21, 'push', 'ar', '', ''),
(2089, 23, 'email', 'en', '', ''),
(2090, 23, 'email', 'ja', '', ''),
(2091, 23, 'email', 'ar', '', ''),
(2092, 23, 'sms', 'en', '', ''),
(2093, 23, 'sms', 'ja', '', ''),
(2094, 23, 'sms', 'ar', '', ''),
(2095, 23, 'push', 'en', 'unfortunately your order#{{order_id}} has failed to deliver', 'unfortunately your order#{{order_id}} has failed to deliver'),
(2096, 23, 'push', 'ja', '', ''),
(2097, 23, 'push', 'ar', '', ''),
(2170, 2, 'email', 'en', 'Invoice for your order #{{order_info.order_id}}', '{% include \'header.html\' %}\r\n\r\n<table style=\"width:100%;\">\r\n <tbody><tr>\r\n  <td style=\"background:#fef9ef;padding:20px 30px;\">\r\n    <img style=\"max-width:20%;max-height:50px;\" src=\"{{logo}}\">\r\n  </td>\r\n </tr>\r\n <tr>\r\n   <td style=\"padding:30px;padding-bottom:10px;background:#ffffff;\" valign=\"middle\" align=\"center\">\r\n    <h2 style=\"margin:0;\">Invoice #{{additional_data.invoice_number}}</h2>    \r\n   </td>   \r\n </tr>\r\n <tr>\r\n   <td style=\"padding-bottom:10px;background:#ffffff;\" valign=\"middle\">\r\n     <table width=\"80%\" align=\"center\">\r\n      <tbody><tr> \r\n       <td>\r\n        <p>Lorem ipsum dolor sit amet, consectetur adipiscing elit. Duis ullamcorper sapien ullamcorper nibh aliquam, non rutrum orci vulputate. Donec congue ac tortor eu dignissim. Cras a libero lobortis tellus elementum consequat eget vitae turpis. Mauris non lorem odio. Integer in lacus bibendum, accumsan risus nec, pretium felis. Aliquam auctor nec eros a mattis. Praesent eu ligula vitae ex rhoncus aliquam. Pellentesque ut mattis lectus. Maecenas ultrices a lorem et interdum. Mauris lacinia nec libero id tincidunt. Nunc accumsan quis enim vitae pellentesque.</p>        \r\n       </td>\r\n      </tr>\r\n     </tbody></table>\r\n   </td>   \r\n </tr>\r\n \r\n <tr>\r\n  <td style=\"background:#fef9ef;\">\r\n  \r\n     {% include \'summary.html\' %}\r\n  </td>\r\n </tr>\r\n \r\n <tr>\r\n  <td style=\"padding:30px;\" align=\"center\">\r\n     <a href=\"{{additional_data.payment_link}}\" target=\"_blank\" style=\"display:block;margin:auto;max-width:200px;padding:10px;background:#3ecf8e;color:#fff;\r\n     text-decoration:none;font-size:18px;font-weight:bold;\">\r\n     Pay Now\r\n     </a>\r\n  </td>\r\n </tr>\r\n \r\n  <tr>\r\n  <td style=\"background:#fef9ef;padding:20px 30px;\">\r\n    \r\n     <table style=\"width:100%; table-layout: fixed;\">\r\n	  <tbody><tr>\r\n	    <th colspan=\"3\" style=\"text-align: left;\"><h5>Contact Us</h5></th>\r\n	    <th colspan=\"7\" style=\"text-align: left;\"><h5>For  promos, news, and updates, follow us on:</h5></th>\r\n	  </tr>\r\n	  <tr>\r\n	    <td colspan=\"3\" style=\"text-align: left; padding:0 3px;\" valign=\"top\">\r\n	     <p>{{site.address}}</p>\r\n         <p>{{site.contact}}</p>\r\n         <p>{{site.email}}</p>\r\n	    </td><td colspan=\"7\" style=\"padding:0 3px;\" valign=\"top\">\r\n	    \r\n	    {% include \'social_link.html\' %}\r\n	     \r\n	     <table>\r\n	      <tbody><tr>\r\n	      <td style=\"padding:0;\"><a href=\"#\" style=\"color:#000;font-size:16px;\">Terms and Conditions</a></td>\r\n	      <td>●</td>\r\n	      <td style=\"padding:0;\"><a href=\"#\" style=\"color:#000;font-size:16px;\">Privacy Policy</a></td>\r\n	      </tr>\r\n	     </tbody></table>\r\n	    \r\n	    </td>\r\n	  </tr>\r\n	</tbody></table>\r\n  \r\n  </td>\r\n </tr>\r\n \r\n</tbody></table>\r\n\r\n\r\n{% include \'footer.html\' %}\r\n'),
(2171, 2, 'email', 'ja', '', ''),
(2172, 2, 'email', 'ar', '', ''),
(2173, 2, 'sms', 'en', '', 'Your order #{{order_info.order_id}}, has a balance of {{additional_data.balance}}.\r\npay here {{additional_data.payment_link}}'),
(2174, 2, 'sms', 'ja', '', ''),
(2175, 2, 'sms', 'ar', '', ''),
(2176, 2, 'push', 'en', 'Your order #{{order_id}}, has a balance of {{balance}}. pay here {{payment_link}}', 'Your order #{{order_id}}, has a balance of {{balance}}.\r\npay here {{payment_link}}'),
(2177, 2, 'push', 'ja', '', ''),
(2178, 2, 'push', 'ar', '', ''),
(2179, 24, 'email', 'en', 'Your registration is complete!', '{% include \'header.html\' %}\r\n<table style=\"width:100%;\">\r\n <tbody><tr>\r\n  <td style=\"background:#fef9ef;padding:20px 30px;\">\r\n    <img style=\"max-width:20%;max-height:50px;\" src=\"{{logo}}\">\r\n  </td>\r\n </tr>\r\n <tr>\r\n   <td style=\"padding:30px;background:#ffffff;\" valign=\"middle\" align=\"left\">\r\n    \r\n   <table width=\"50%\" align=\"center\">\r\n   <tbody><tr>\r\n    <td>\r\n	\r\n	<p style=\"margin-bottom:10px;\">Hi {{restaurant_name}},</p>\r\n	\r\n	 <p style=\"margin-bottom:10px;\">Lorem ipsum dolor sit amet, consectetur adipiscing elit. Vivamus quis nunc ut metus vulputate imperdiet at eget ipsum. Duis pharetra eros nec purus auctor, ut dapibus nunc convallis. Phasellus pellentesque lorem eros, et molestie velit pulvinar eget. Praesent orci orci, pulvinar ac nisi sit amet, cursus imperdiet mauris. Sed pharetra, nibh non maximus blandit, ex felis sagittis turpis, et porttitor dui nibh a eros. Donec imperdiet non ex molestie consequat. Duis posuere tortor eget nibh imperdiet sollicitudin. Curabitur porta placerat ex, vitae consequat turpis semper in. Integer non nulla justo. Phasellus posuere faucibus erat, ac ornare odio suscipit sed. Cras et erat dui. </p>		\r\n	\r\n	</td>\r\n   </tr>\r\n   </tbody></table>\r\n	\r\n   </td>\r\n </tr>\r\n \r\n \r\n \r\n  \r\n <tr>\r\n  <td style=\"background:#fef9ef;padding:20px 30px;\">\r\n    \r\n   <table style=\"width:100%; table-layout: fixed;\">\r\n	  <tbody><tr>\r\n	    <th colspan=\"3\" style=\"text-align: left;\"><h5>Contact Us</h5></th>\r\n	    <th colspan=\"7\" style=\"text-align: left;\"><h5>For  promos, news, and updates, follow us on:</h5></th>\r\n	  </tr>\r\n	  <tr>\r\n	    <td colspan=\"3\" style=\"text-align: left; padding:0 3px;\" valign=\"top\">\r\n	     <p>{{site.address}}</p>\r\n         <p>{{site.contact}}</p>\r\n         <p>{{site.email}}</p>\r\n	    </td><td colspan=\"7\" style=\"padding:0 3px;\" valign=\"top\">\r\n	    \r\n	      {% include \'social_link.html\' %}\r\n	     \r\n	     <table>\r\n	      <tbody><tr>\r\n	      <td style=\"padding:0;\"><a href=\"#\" style=\"color:#000;font-size:16px;\">Terms and Conditions</a></td>\r\n	      <td>●</td>\r\n	      <td style=\"padding:0;\"><a href=\"#\" style=\"color:#000;font-size:16px;\">Privacy Policy</a></td>\r\n	      </tr>\r\n	     </tbody></table>\r\n	    \r\n	    </td>\r\n	  </tr>\r\n	</tbody></table>\r\n  \r\n  </td>\r\n </tr>\r\n \r\n</tbody></table>\r\n{% include \'footer.html\' %}\r\n'),
(2180, 24, 'email', 'ja', '', ''),
(2181, 24, 'email', 'ar', '', ''),
(2182, 24, 'sms', 'en', '', ''),
(2183, 24, 'sms', 'ja', '', ''),
(2184, 24, 'sms', 'ar', '', ''),
(2185, 24, 'push', 'en', '', ''),
(2186, 24, 'push', 'ja', '', ''),
(2187, 24, 'push', 'ar', '', ''),
(2305, 25, 'email', 'en', 'Welcome to {{site.site_name}}. Confirm your account!', '{% include \'header.html\' %}\r\n<table style=\"width:100%;\">\r\n <tbody><tr>\r\n  <td style=\"background:#fef9ef;padding:20px 30px;\">\r\n    <img style=\"max-width:20%;max-height:50px;\" src=\"{{logo}}\">\r\n  </td>\r\n </tr>\r\n <tr>\r\n   <td style=\"padding:30px;background:#ffffff;\" valign=\"middle\" align=\"left\">\r\n    \r\n   <table width=\"50%\" align=\"center\">\r\n   <tbody><tr>\r\n    <td>\r\n	\r\n	<p style=\"margin-bottom:10px;\">Hi {{restaurant_name}},</p>\r\n	\r\n	 <p style=\"margin-bottom:10px;\">Welcome</p>\r\n	 <p>Before you get full access to all features of your restaurant in {{site.site_name}}, please confirm your email address</p>\r\n	\r\n	<div style=\"margin:auto;text-align:center;padding-top:10px; padding-bottom:10px;\">\r\n	 <a href=\"{{confirm_link}}\" target=\"_blank\" style=\"display:block;margin:auto;max-width:200px;padding:10px;background:#3ecf8e;color:#fff;\r\n     text-decoration:none;font-size:18px;font-weight:bold;\">\r\n     Confirm email\r\n     </a>\r\n	</div>\r\n	 \r\n	<p style=\"text-align:center;\">or click this link:</p>\r\n	<p style=\"text-align:center;\"><a href=\"{{confirm_link}}\">{{confirm_link}}</a></p>\r\n	\r\n	</td>\r\n   </tr>\r\n   </tbody></table>\r\n	\r\n   </td>\r\n </tr>\r\n \r\n \r\n \r\n  \r\n <tr>\r\n  <td style=\"background:#fef9ef;padding:20px 30px;\">\r\n    \r\n   <table style=\"width:100%; table-layout: fixed;\">\r\n	  <tbody><tr>\r\n	    <th colspan=\"3\" style=\"text-align: left;\"><h5>Contact Us</h5></th>\r\n	    <th colspan=\"7\" style=\"text-align: left;\"><h5>For  promos, news, and updates, follow us on:</h5></th>\r\n	  </tr>\r\n	  <tr>\r\n	    <td colspan=\"3\" style=\"text-align: left; padding:0 3px;\" valign=\"top\">\r\n	     <p>{{site.address}}</p>\r\n         <p>{{site.contact}}</p>\r\n         <p>{{site.email}}</p>\r\n	    </td><td colspan=\"7\" style=\"padding:0 3px;\" valign=\"top\">\r\n	    \r\n	      {% include \'social_link.html\' %}\r\n	     \r\n	     <table>\r\n	      <tbody><tr>\r\n	      <td style=\"padding:0;\"><a href=\"#\" style=\"color:#000;font-size:16px;\">Terms and Conditions</a></td>\r\n	      <td>●</td>\r\n	      <td style=\"padding:0;\"><a href=\"#\" style=\"color:#000;font-size:16px;\">Privacy Policy</a></td>\r\n	      </tr>\r\n	     </tbody></table>\r\n	    \r\n	    </td>\r\n	  </tr>\r\n	</tbody></table>\r\n  \r\n  </td>\r\n </tr>\r\n \r\n</tbody></table>\r\n{% include \'footer.html\' %}\r\n'),
(2306, 25, 'email', 'ja', '', ''),
(2307, 25, 'email', 'ar', '', ''),
(2308, 25, 'sms', 'en', '', ''),
(2309, 25, 'sms', 'ja', '', ''),
(2310, 25, 'sms', 'ar', '', ''),
(2311, 25, 'push', 'en', 'Welcome to {{site_name}}. Confirm your account!', 'Welcome to {{site_name}}. Confirm your account!'),
(2312, 25, 'push', 'ja', '', ''),
(2313, 25, 'push', 'ar', '', ''),
(2350, 28, 'email', 'en', 'Your membership will expired on {{expiration_date}}', '{% include \'header.html\' %}\r\n<table style=\"width:100%;\">\r\n <tbody><tr>\r\n  <td style=\"background:#fef9ef;padding:20px 30px;\">\r\n    <img style=\"max-width:20%;max-height:50px;\" src=\"{{logo}}\">\r\n  </td>\r\n </tr>\r\n <tr>\r\n   <td style=\"padding:30px;background:#ffffff;\" valign=\"middle\" align=\"left\">\r\n    \r\n    <p style=\"margin-bottom:15px;\">Hi {{restaurant_name}}<br></p>\r\n	\r\n	<p>Your&nbsp; membership will expired on {{expiration_date}}.</p>	\r\n	\r\n	\r\n	\r\n	\r\n   </td>\r\n </tr>\r\n \r\n \r\n \r\n  \r\n <tr>\r\n  <td style=\"background:#fef9ef;padding:20px 30px;\">\r\n    \r\n   <table style=\"width:100%; table-layout: fixed;\">\r\n	  <tbody><tr>\r\n	    <th colspan=\"3\" style=\"text-align: left;\"><h5>Contact Us</h5></th>\r\n	    <th colspan=\"7\" style=\"text-align: left;\"><h5>For  promos, news, and updates, follow us on:</h5></th>\r\n	  </tr>\r\n	  <tr>\r\n	    <td colspan=\"3\" style=\"text-align: left; padding:0 3px;\" valign=\"top\">\r\n	     <p>{{site.address}}</p>\r\n         <p>{{site.contact}}</p>\r\n         <p>{{site.email}}</p>\r\n	    </td><td colspan=\"7\" style=\"padding:0 3px;\" valign=\"top\">\r\n	    \r\n	      {% include \'social_link.html\' %}\r\n	     \r\n	     <table>\r\n	      <tbody><tr>\r\n	      <td style=\"padding:0;\"><a href=\"#\" style=\"color:#000;font-size:16px;\">Terms and Conditions</a></td>\r\n	      <td>●</td>\r\n	      <td style=\"padding:0;\"><a href=\"#\" style=\"color:#000;font-size:16px;\">Privacy Policy</a></td>\r\n	      </tr>\r\n	     </tbody></table>\r\n	    \r\n	    </td>\r\n	  </tr>\r\n	</tbody></table>\r\n  \r\n  </td>\r\n </tr>\r\n \r\n</tbody></table>\r\n{% include \'footer.html\' %}\r\n'),
(2351, 28, 'email', 'ja', '', ''),
(2352, 28, 'email', 'ar', '', ''),
(2353, 28, 'sms', 'en', '', ''),
(2354, 28, 'sms', 'ja', '', ''),
(2355, 28, 'sms', 'ar', '', ''),
(2356, 28, 'push', 'en', 'Your membership will expired on {{expiration_date}}', 'Your membership will expired on {{expiration_date}}'),
(2357, 28, 'push', 'ja', '', ''),
(2358, 28, 'push', 'ar', '', ''),
(2359, 27, 'email', 'en', 'Your membership has expired', '{% include \'header.html\' %}\r\n<table style=\"width:100%;\">\r\n <tbody><tr>\r\n  <td style=\"background:#fef9ef;padding:20px 30px;\">\r\n    <img style=\"max-width:20%;max-height:50px;\" src=\"{{logo}}\">\r\n  </td>\r\n </tr>\r\n <tr>\r\n   <td style=\"padding:30px;background:#ffffff;\" valign=\"middle\" align=\"left\">\r\n    \r\n    <p style=\"margin-bottom:15px;\">Hi {{restaurant_name}}<br></p>\r\n	\r\n	<p>Your&nbsp; membership has expired.</p>	\r\n	\r\n	\r\n	\r\n	\r\n   </td>\r\n </tr>\r\n \r\n \r\n \r\n  \r\n <tr>\r\n  <td style=\"background:#fef9ef;padding:20px 30px;\">\r\n    \r\n   <table style=\"width:100%; table-layout: fixed;\">\r\n	  <tbody><tr>\r\n	    <th colspan=\"3\" style=\"text-align: left;\"><h5>Contact Us</h5></th>\r\n	    <th colspan=\"7\" style=\"text-align: left;\"><h5>For  promos, news, and updates, follow us on:</h5></th>\r\n	  </tr>\r\n	  <tr>\r\n	    <td colspan=\"3\" style=\"text-align: left; padding:0 3px;\" valign=\"top\">\r\n	     <p>{{site.address}}</p>\r\n         <p>{{site.contact}}</p>\r\n         <p>{{site.email}}</p>\r\n	    </td><td colspan=\"7\" style=\"padding:0 3px;\" valign=\"top\">\r\n	    \r\n	      {% include \'social_link.html\' %}\r\n	     \r\n	     <table>\r\n	      <tbody><tr>\r\n	      <td style=\"padding:0;\"><a href=\"#\" style=\"color:#000;font-size:16px;\">Terms and Conditions</a></td>\r\n	      <td>●</td>\r\n	      <td style=\"padding:0;\"><a href=\"#\" style=\"color:#000;font-size:16px;\">Privacy Policy</a></td>\r\n	      </tr>\r\n	     </tbody></table>\r\n	    \r\n	    </td>\r\n	  </tr>\r\n	</tbody></table>\r\n  \r\n  </td>\r\n </tr>\r\n \r\n</tbody></table>\r\n{% include \'footer.html\' %}\r\n'),
(2360, 27, 'email', 'ja', '', ''),
(2361, 27, 'email', 'ar', '', ''),
(2362, 27, 'sms', 'en', '', ''),
(2363, 27, 'sms', 'ja', '', ''),
(2364, 27, 'sms', 'ar', '', ''),
(2365, 27, 'push', 'en', 'Your membership has expired', 'Your membership has expired'),
(2366, 27, 'push', 'ja', '', ''),
(2367, 27, 'push', 'ar', '', ''),
(2386, 3, 'email', 'en', 'Refund for your #{{order_info.order_id}}', '{% include \'header.html\' %}\r\n\r\n\r\n\r\n<table style=\"width:100%;\">\r\n <tbody><tr>\r\n  <td style=\"background:#fef9ef;padding:20px 30px;\">\r\n    <img style=\"max-width:15%;max-height:50px;\" src=\"{{logo}}\">\r\n  </td>\r\n </tr>\r\n <tr>\r\n   <td style=\"padding:30px;background:#ffffff;\" valign=\"middle\" align=\"left\">\r\n   \r\n\r\n    <p style=\"padding-bottom:15px\">Hi {{order_info.customer_name}},</p>\r\n	<p style=\"line-height:20px;\">\r\n	Good News! We’ve processed your full refund of {{additional_data.refund_amount}} for your item(s) from order #{{order_info.order_id}}.\r\n	</p>\r\n	\r\n	<p style=\"line-height:20px;\">Reversal may take 1 to 2 billing cycles or 5 to 15 banking days for local credit cards, and up to 45 banking days for international credit and debit cards, depending on your bank\'s processing time.</p>\r\n    \r\n   </td>\r\n </tr>\r\n \r\n <tr>\r\n  <td style=\"background:#fef9ef;\">\r\n      {% include \'summary.html\' %}\r\n  </td>\r\n </tr>\r\n \r\n <tr>\r\n   <td style=\"background:#ffffff;\">\r\n     {% include \'items.html\' %}\r\n   </td>\r\n </tr>\r\n  \r\n <tr>\r\n  <td style=\"background:#fef9ef;padding:20px 30px;\">\r\n    \r\n    <table style=\"width:100%; table-layout: fixed;\">\r\n	  <tbody><tr>\r\n	    <th colspan=\"3\" style=\"text-align: left;\"><h5>Contact Us</h5></th>\r\n	    <th colspan=\"7\" style=\"text-align: left;\"><h5>For  promos, news, and updates, follow us on:</h5></th>\r\n	  </tr>\r\n	  <tr>\r\n	    <td colspan=\"3\" style=\"text-align: left; padding:0 3px;\" valign=\"top\">\r\n	     <p>{{site.address}}</p>\r\n         <p>{{site.contact}}</p>\r\n         <p>{{site.email}}</p>\r\n	    </td><td colspan=\"7\" style=\"padding:0 3px;\" valign=\"top\">\r\n	    \r\n	    {% include \'social_link.html\' %}\r\n	     \r\n	     <table>\r\n	      <tbody><tr>\r\n	      <td style=\"padding:0;\"><a href=\"#\" style=\"color:#000;font-size:16px;\">Terms and Conditions</a></td>\r\n	      <td>●</td>\r\n	      <td style=\"padding:0;\"><a href=\"#\" style=\"color:#000;font-size:16px;\">Privacy Policy</a></td>\r\n	      </tr>\r\n	     </tbody></table>\r\n	    \r\n	    </td>\r\n	  </tr>\r\n	</tbody></table>\r\n  \r\n  </td>\r\n </tr>\r\n \r\n</tbody></table>\r\n\r\n{% include \'footer.html\' %}'),
(2387, 3, 'email', 'ja', '', ''),
(2388, 3, 'email', 'ar', '', ''),
(2389, 3, 'sms', 'en', '', ''),
(2390, 3, 'sms', 'ja', '', ''),
(2391, 3, 'sms', 'ar', '', ''),
(2392, 3, 'push', 'en', 'Your refund has been process for order #{{order_id}} ', 'Your refund has been process for order #{{order_id}} '),
(2393, 3, 'push', 'ja', '', ''),
(2394, 3, 'push', 'ar', '', ''),
(2395, 11, 'email', 'en', 'Partial refund for your #{{order_info.order_id}}', '{% include \'header.html\' %}\r\n\r\n\r\n\r\n<table style=\"width:100%;\">\r\n <tbody><tr>\r\n  <td style=\"background:#fef9ef;padding:20px 30px;\">\r\n    <img style=\"max-width:15%;max-height:50px;\" src=\"{{logo}}\">\r\n  </td>\r\n </tr>\r\n <tr>\r\n   <td style=\"padding:30px;background:#ffffff;\" valign=\"middle\" align=\"left\">\r\n   \r\n\r\n    <p style=\"padding-bottom:15px\">Hi {{order_info.customer_name}},</p>\r\n	<p style=\"line-height:20px;\">\r\n	Good News! We’ve processed your partial refund of {{additional_data.refund_amount}} for your item(s) from order #{{order_info.order_id}}.\r\n	</p>\r\n	\r\n	<p style=\"line-height:20px;\">Reversal may take 1 to 2 billing cycles or 5 to 15 banking days for local credit cards, and up to 45 banking days for international credit and debit cards, depending on your bank\'s processing time.</p>\r\n    \r\n   </td>\r\n </tr>\r\n \r\n <tr>\r\n  <td style=\"background:#fef9ef;\">\r\n      {% include \'summary.html\' %}\r\n  </td>\r\n </tr>\r\n \r\n <tr>\r\n   <td style=\"background:#ffffff;\">\r\n     {% include \'items.html\' %}\r\n   </td>\r\n </tr>\r\n  \r\n <tr>\r\n  <td style=\"background:#fef9ef;padding:20px 30px;\">\r\n    \r\n    <table style=\"width:100%; table-layout: fixed;\">\r\n	  <tbody><tr>\r\n	    <th colspan=\"3\" style=\"text-align: left;\"><h5>Contact Us</h5></th>\r\n	    <th colspan=\"7\" style=\"text-align: left;\"><h5>For  promos, news, and updates, follow us on:</h5></th>\r\n	  </tr>\r\n	  <tr>\r\n	    <td colspan=\"3\" style=\"text-align: left; padding:0 3px;\" valign=\"top\">\r\n	     <p>{{site.address}}</p>\r\n         <p>{{site.contact}}</p>\r\n         <p>{{site.email}}</p>\r\n	    </td><td colspan=\"7\" style=\"padding:0 3px;\" valign=\"top\">\r\n	    \r\n	    {% include \'social_link.html\' %}\r\n	     \r\n	     <table>\r\n	      <tbody><tr>\r\n	      <td style=\"padding:0;\"><a href=\"#\" style=\"color:#000;font-size:16px;\">Terms and Conditions</a></td>\r\n	      <td>●</td>\r\n	      <td style=\"padding:0;\"><a href=\"#\" style=\"color:#000;font-size:16px;\">Privacy Policy</a></td>\r\n	      </tr>\r\n	     </tbody></table>\r\n	    \r\n	    </td>\r\n	  </tr>\r\n	</tbody></table>\r\n  \r\n  </td>\r\n </tr>\r\n \r\n</tbody></table>\r\n\r\n{% include \'footer.html\' %}'),
(2396, 11, 'email', 'ja', '', ''),
(2397, 11, 'email', 'ar', '', ''),
(2398, 11, 'sms', 'en', '', ''),
(2399, 11, 'sms', 'ja', '', ''),
(2400, 11, 'sms', 'ar', '', ''),
(2401, 11, 'push', 'en', 'Your partial refund has been process for order #{{order_id}} ', 'Your partial refund has been process for order #{{order_id}} '),
(2402, 11, 'push', 'ja', '', ''),
(2403, 11, 'push', 'ar', '', ''),
(2404, 29, 'email', 'en', 'Forgot password', '{% include \'header.html\' %}\r\n<table style=\"width:100%;\">\r\n <tbody><tr>\r\n  <td style=\"background:#fef9ef;padding:20px 30px;\">\r\n    <img style=\"max-width:20%;max-height:50px;\" src=\"{{logo}}\">\r\n  </td>\r\n </tr>\r\n <tr>\r\n   <td style=\"padding:30px;background:#ffffff;\" valign=\"middle\" align=\"left\">\r\n    \r\n   <table width=\"50%\" align=\"center\">\r\n   <tbody><tr>\r\n    <td>\r\n	\r\n	<p style=\"margin-bottom:10px;\">Hi {{first_name}} {{last_name}},</p>\r\n	\r\n	 <p style=\"margin-bottom:10px;\">It looks like you have forgotten your password. We can help you to create a new password.</p>\r\n	\r\n	<div style=\"margin:auto;text-align:center;padding-top:10px; padding-bottom:10px;\">\r\n	 <a href=\"{{reset_password_link}}\" target=\"_blank\" style=\"display:block;margin:auto;max-width:200px;padding:10px;background:#3ecf8e;color:#fff;\r\n     text-decoration:none;font-size:18px;font-weight:bold;\">\r\n     Reset Password\r\n     </a>\r\n	</div>\r\n	 \r\n	<p style=\"text-align:center;\">or click this link:</p>\r\n	<p style=\"text-align:center;\"><a href=\"{{reset_password_link}}\">{{reset_password_link}}</a></p>\r\n	\r\n	</td>\r\n   </tr>\r\n   </tbody></table>\r\n	\r\n   </td>\r\n </tr>\r\n \r\n \r\n \r\n  \r\n <tr>\r\n  <td style=\"background:#fef9ef;padding:20px 30px;\">\r\n    \r\n   <table style=\"width:100%; table-layout: fixed;\">\r\n	  <tbody><tr>\r\n	    <th colspan=\"3\" style=\"text-align: left;\"><h5>Contact Us</h5></th>\r\n	    <th colspan=\"7\" style=\"text-align: left;\"><h5>For  promos, news, and updates, follow us on:</h5></th>\r\n	  </tr>\r\n	  <tr>\r\n	    <td colspan=\"3\" style=\"text-align: left; padding:0 3px;\" valign=\"top\">\r\n	     <p>{{site.address}}</p>\r\n         <p>{{site.contact}}</p>\r\n         <p>{{site.email}}</p>\r\n	    </td><td colspan=\"7\" style=\"padding:0 3px;\" valign=\"top\">\r\n	    \r\n	      {% include \'social_link.html\' %}\r\n	     \r\n	     <table>\r\n	      <tbody><tr>\r\n	      <td style=\"padding:0;\"><a href=\"#\" style=\"color:#000;font-size:16px;\">Terms and Conditions</a></td>\r\n	      <td>●</td>\r\n	      <td style=\"padding:0;\"><a href=\"#\" style=\"color:#000;font-size:16px;\">Privacy Policy</a></td>\r\n	      </tr>\r\n	     </tbody></table>\r\n	    \r\n	    </td>\r\n	  </tr>\r\n	</tbody></table>\r\n  \r\n  </td>\r\n </tr>\r\n \r\n</tbody></table>\r\n{% include \'footer.html\' %}\r\n'),
(2405, 29, 'email', 'ar', '', ''),
(2406, 29, 'email', 'ja', '', ''),
(2407, 29, 'sms', 'en', '', ''),
(2408, 29, 'sms', 'ar', '', ''),
(2409, 29, 'sms', 'ja', '', ''),
(2410, 29, 'push', 'en', '', ''),
(2411, 29, 'push', 'ar', '', ''),
(2412, 29, 'push', 'ja', '', ''),
(2554, 31, 'email', 'en', '', ''),
(2555, 31, 'email', 'ar', '', ''),
(2556, 31, 'email', 'pt_br', '', ''),
(2557, 31, 'email', 'ja', '', ''),
(2558, 31, 'email', 'fr', '', ''),
(2559, 31, 'sms', 'en', '', ''),
(2560, 31, 'sms', 'ar', '', ''),
(2561, 31, 'sms', 'pt_br', '', ''),
(2562, 31, 'sms', 'ja', '', ''),
(2563, 31, 'sms', 'fr', '', ''),
(2564, 31, 'push', 'en', '{{driver_firstname}} is on its way to restaurant {{restaurant_name}}', '{{driver_firstname}} is on its way to restaurant {{restaurant_name}}'),
(2565, 31, 'push', 'ar', '', ''),
(2566, 31, 'push', 'pt_br', '', ''),
(2567, 31, 'push', 'ja', '', ''),
(2568, 31, 'push', 'fr', '', ''),
(2569, 30, 'email', 'en', '', ''),
(2570, 30, 'email', 'ar', '', ''),
(2571, 30, 'email', 'pt_br', '', ''),
(2572, 30, 'email', 'ja', '', ''),
(2573, 30, 'email', 'fr', '', ''),
(2574, 30, 'sms', 'en', '', ''),
(2575, 30, 'sms', 'ar', '', ''),
(2576, 30, 'sms', 'pt_br', '', ''),
(2577, 30, 'sms', 'ja', '', ''),
(2578, 30, 'sms', 'fr', '', ''),
(2579, 30, 'push', 'en', 'Order #{{order_id}} accepted by {{driver_firstname}}', 'Order #{{order_id}} accepted by {{driver_firstname}}'),
(2580, 30, 'push', 'ar', '', ''),
(2581, 30, 'push', 'pt_br', '', ''),
(2582, 30, 'push', 'ja', '', ''),
(2583, 30, 'push', 'fr', '', ''),
(2659, 33, 'email', 'en', '', ''),
(2660, 33, 'email', 'ar', '', ''),
(2661, 33, 'email', 'pt_br', '', ''),
(2662, 33, 'email', 'ja', '', ''),
(2663, 33, 'email', 'fr', '', ''),
(2664, 33, 'sms', 'en', '', ''),
(2665, 33, 'sms', 'ar', '', ''),
(2666, 33, 'sms', 'pt_br', '', ''),
(2667, 33, 'sms', 'ja', '', ''),
(2668, 33, 'sms', 'fr', '', ''),
(2669, 33, 'push', 'en', 'Delivery status for Order#{{order_id}}', 'Delivery status for Order#{{order_id}}'),
(2670, 33, 'push', 'ar', '', ''),
(2671, 33, 'push', 'pt_br', '', ''),
(2672, 33, 'push', 'ja', '', ''),
(2673, 33, 'push', 'fr', '', ''),
(2749, 34, 'email', 'en', 'You have new Invoice #{{invoice_number}}', '{% include \'header.html\' %}\n<table style=\"width:100%;\">\n <tbody><tr>\n  <td style=\"background:#fef9ef;padding:20px 30px;\">\n    <img style=\"max-width:20%;max-height:50px;\" src=\"{{logo}}\">\n  </td>\n </tr> \n <tr>\n  <td style=\"background:#ffffff;\">\n  \n   <p>Your invoice is now ready, you can view your invoice by going to backoffice</p>\n   \n   \n  </td>\n </tr>\n  \n <tr>\n  <td style=\"background:#fef9ef;padding:20px 30px;\">\n    \n   <table style=\"width:100%; table-layout: fixed;\">\n	  <tbody><tr>\n	    <th colspan=\"3\" style=\"text-align: left;\"><h5>Contact Us</h5></th>\n	    <th colspan=\"7\" style=\"text-align: left;\"><h5>For  promos, news, and updates, follow us on:</h5></th>\n	  </tr>\n	  <tr>\n	    <td colspan=\"3\" style=\"text-align: left; padding:0 3px;\" valign=\"top\">\n	     <p>{{site.address}}</p>\n         <p>{{site.contact}}</p>\n         <p>{{site.email}}</p>\n	    </td><td colspan=\"7\" style=\"padding:0 3px;\" valign=\"top\">\n	    \n	      {% include \'social_link.html\' %}\n	     \n	     <table>\n	      <tbody><tr>\n	      <td style=\"padding:0;\"><a href=\"#\" style=\"color:#000;font-size:16px;\">Terms and Conditions</a></td>\n	      <td>●</td>\n	      <td style=\"padding:0;\"><a href=\"#\" style=\"color:#000;font-size:16px;\">Privacy Policy</a></td>\n	      </tr>\n	     </tbody></table>\n	    \n	    </td>\n	  </tr>\n	</tbody></table>\n  \n  </td>\n </tr>\n \n</tbody></table>\n{% include \'footer.html\' %}\n'),
(2750, 34, 'email', 'ar', '', ''),
(2751, 34, 'email', 'pt_br', '', ''),
(2752, 34, 'email', 'ja', '', ''),
(2753, 34, 'email', 'fr', '', ''),
(2754, 34, 'sms', 'en', '', ''),
(2755, 34, 'sms', 'ar', '', ''),
(2756, 34, 'sms', 'pt_br', '', ''),
(2757, 34, 'sms', 'ja', '', ''),
(2758, 34, 'sms', 'fr', '', ''),
(2759, 34, 'push', 'en', 'You have new Invoice #{{invoice_number}}', 'You have new Invoice #{{invoice_number}}'),
(2760, 34, 'push', 'ar', '', ''),
(2761, 34, 'push', 'pt_br', '', ''),
(2762, 34, 'push', 'ja', '', ''),
(2763, 34, 'push', 'fr', '', ''),
(2809, 35, 'email', 'en', 'New bank deposit with invoice #{{invoice_number}}', '<p>New bank deposit with invoice #{{invoice_number}}<br></p>'),
(2810, 35, 'email', 'ar', '', ''),
(2811, 35, 'email', 'pt_br', '', ''),
(2812, 35, 'email', 'ja', '', ''),
(2813, 35, 'email', 'fr', '', ''),
(2814, 35, 'sms', 'en', '', ''),
(2815, 35, 'sms', 'ar', '', ''),
(2816, 35, 'sms', 'pt_br', '', ''),
(2817, 35, 'sms', 'ja', '', ''),
(2818, 35, 'sms', 'fr', '', ''),
(2819, 35, 'push', 'en', 'New bank deposit with invoice #{{invoice_number}}', 'New bank deposit with invoice #{{invoice_number}}'),
(2820, 35, 'push', 'ar', '', ''),
(2821, 35, 'push', 'pt_br', '', ''),
(2822, 35, 'push', 'ja', '', ''),
(2823, 35, 'push', 'fr', '', ''),
(3019, 38, 'email', 'en', 'Reservation {{status}} at {{restaurant_name}}', '{% include \'header.html\' %}\n<table style=\"width:100%;\">\n <tbody><tr>\n  <td style=\"background:#fef9ef;padding:20px 30px;\">\n    <img style=\"max-width:20%;max-height:50px;\" src=\"{{logo}}\">\n  </td>\n </tr>\n <tr>\n   <td style=\"padding:30px;background:#ffffff;\" valign=\"middle\" align=\"left\">\n    \n   <table width=\"50%\" align=\"center\">\n   <tbody><tr>\n    <td>\n	\n	 <p style=\"margin-bottom:10px;\">Your reservation at {{restaurant_name}} is {{status}}!</p>\n	\n	 <h5 style=\"margin-bottom:10px;\">RESERVATION DETAILS</h5>\n	 \n	 <table>	 \n	 <tbody><tr><td>Name of guest:</td><td>: {{guest_fullname}}</td></tr>\n	 <tr><td>Number of guests</td><td>: {{guest_number}}</td></tr>\n	 <tr><td>Time of arrival</td><td>: {{reservation_datetime}}</td></tr>	 \n	 </tbody></table>\n	 \n	 <p style=\"margin-bottom:10px;\">Your Reservation ID is <b>{{reservation_id}}</b></p>\n	\n	 <h5 style=\"margin-bottom:10px;\">Special Requests</h5>\n	 <p style=\"margin-bottom:10px;\">{{special_request}}</p>\n	\n	\n	</td>\n   </tr>\n   </tbody></table>\n	\n   </td>\n </tr>\n \n \n \n  \n <tr>\n  <td style=\"background:#fef9ef;padding:20px 30px;\">\n    \n   <table style=\"width:100%; table-layout: fixed;\">\n	  <tbody><tr>\n	    <th colspan=\"3\" style=\"text-align: left;\"><h5>Contact Us</h5></th>\n	    <th colspan=\"7\" style=\"text-align: left;\"><h5>For  promos, news, and updates, follow us on:</h5></th>\n	  </tr>\n	  <tr>\n	    <td colspan=\"3\" style=\"text-align: left; padding:0 3px;\" valign=\"top\">\n	     <p>{{site.address}}</p>\n         <p>{{site.contact}}</p>\n         <p>{{site.email}}</p>\n	    </td><td colspan=\"7\" style=\"padding:0 3px;\" valign=\"top\">\n	    \n	      {% include \'social_link.html\' %}\n	     \n	     <table>\n	      <tbody><tr>\n	      <td style=\"padding:0;\"><a href=\"#\" style=\"color:#000;font-size:16px;\">Terms and Conditions</a></td>\n	      <td>●</td>\n	      <td style=\"padding:0;\"><a href=\"#\" style=\"color:#000;font-size:16px;\">Privacy Policy</a></td>\n	      </tr>\n	     </tbody></table>\n	    \n	    </td>\n	  </tr>\n	</tbody></table>\n  \n  </td>\n </tr>\n \n</tbody></table>\n{% include \'footer.html\' %}\n'),
(3020, 38, 'email', 'ar', '', ''),
(3021, 38, 'email', 'pt_br', '', ''),
(3022, 38, 'email', 'ja', '', ''),
(3023, 38, 'email', 'fr', '', ''),
(3024, 38, 'sms', 'en', '', ''),
(3025, 38, 'sms', 'ar', '', ''),
(3026, 38, 'sms', 'pt_br', '', ''),
(3027, 38, 'sms', 'ja', '', ''),
(3028, 38, 'sms', 'fr', '', ''),
(3029, 38, 'push', 'en', 'Reservation {{status}} at {{restaurant_name}}', 'Reservation {{status}} at {{restaurant_name}}'),
(3030, 38, 'push', 'ar', '', ''),
(3031, 38, 'push', 'pt_br', '', ''),
(3032, 38, 'push', 'ja', '', ''),
(3033, 38, 'push', 'fr', '', '');
INSERT INTO `st_templates_translation` (`id`, `template_id`, `template_type`, `language`, `title`, `content`) VALUES
(3079, 36, 'email', 'en', 'Online Reservation Confirmation Notification', '{% include \'header.html\' %}\n<table style=\"width:100%;\">\n <tbody><tr>\n  <td style=\"background:#fef9ef;padding:20px 30px;\">\n    <img style=\"max-width:20%;max-height:50px;\" src=\"{{logo}}\">\n  </td>\n </tr>\n <tr>\n   <td style=\"padding:30px;background:#ffffff;\" valign=\"middle\" align=\"left\">\n    \n   <table width=\"50%\" align=\"center\">\n   <tbody><tr>\n    <td>\n	\n	<p style=\"margin-bottom:10px;\">You have received an online reservation.</p>\n	\n	 <h5 style=\"margin-bottom:10px;\">RESERVATION DETAILS</h5>\n	 \n	 <table>\n	 <tbody><tr><td>Restaurant Name</td><td>: {{restaurant_name}}</td></tr>\n	 <tr><td>Guest Name</td><td>: {{guest_fullname}}</td></tr>\n	 <tr><td>Guest Phone</td><td>: {{contact_phone}}</td></tr>\n	 <tr><td>Guest Email</td><td>: {{email_address}}</td></tr>\n	 <tr><td>Reservation ID</td><td>: {{reservation_id}}</td></tr>\n	 <tr><td>Date of booking</td><td>: {{date_created}}</td></tr>\n	 <tr><td>Time of arrival</td><td>: {{reservation_datetime}}</td></tr>\n	 <tr><td>Party of</td><td>: {{guest_number}}</td></tr>\n	 <tr><td>Special Request</td><td>: {{special_request}}</td></tr>\n	 </tbody></table>\n	 \n	\n	<br><br>\n	<div style=\"margin:auto;text-align:center;padding-top:10px; padding-bottom:10px;\">\n	 <a href=\"{{manage_reservation_link}}\" target=\"_blank\" style=\"display:block;margin:auto;max-width:200px;padding:10px;background:#3ecf8e;color:#fff;\n     text-decoration:none;font-size:18px;font-weight:bold;\">\n     Manage reservation\n     </a>\n	</div>\n	 \n	<p style=\"text-align:center;\">or click this link:</p>\n	<p style=\"text-align:center;\"><a href=\"{{manage_reservation_link}}\">{{manage_reservation_link}}</a></p>\n	\n	</td>\n   </tr>\n   </tbody></table>\n	\n   </td>\n </tr>\n \n \n \n  \n <tr>\n  <td style=\"background:#fef9ef;padding:20px 30px;\">\n    \n   <table style=\"width:100%; table-layout: fixed;\">\n	  <tbody><tr>\n	    <th colspan=\"3\" style=\"text-align: left;\"><h5>Contact Us</h5></th>\n	    <th colspan=\"7\" style=\"text-align: left;\"><h5>For  promos, news, and updates, follow us on:</h5></th>\n	  </tr>\n	  <tr>\n	    <td colspan=\"3\" style=\"text-align: left; padding:0 3px;\" valign=\"top\">\n	     <p>{{site.address}}</p>\n         <p>{{site.contact}}</p>\n         <p>{{site.email}}</p>\n	    </td><td colspan=\"7\" style=\"padding:0 3px;\" valign=\"top\">\n	    \n	      {% include \'social_link.html\' %}\n	     \n	     <table>\n	      <tbody><tr>\n	      <td style=\"padding:0;\"><a href=\"#\" style=\"color:#000;font-size:16px;\">Terms and Conditions</a></td>\n	      <td>●</td>\n	      <td style=\"padding:0;\"><a href=\"#\" style=\"color:#000;font-size:16px;\">Privacy Policy</a></td>\n	      </tr>\n	     </tbody></table>\n	    \n	    </td>\n	  </tr>\n	</tbody></table>\n  \n  </td>\n </tr>\n \n</tbody></table>\n{% include \'footer.html\' %}\n'),
(3080, 36, 'email', 'ar', '', ''),
(3081, 36, 'email', 'pt_br', '', ''),
(3082, 36, 'email', 'ja', '', ''),
(3083, 36, 'email', 'fr', '', ''),
(3084, 36, 'sms', 'en', '', ''),
(3085, 36, 'sms', 'ar', '', ''),
(3086, 36, 'sms', 'pt_br', '', ''),
(3087, 36, 'sms', 'ja', '', ''),
(3088, 36, 'sms', 'fr', '', ''),
(3089, 36, 'push', 'en', 'Online Reservation Confirmation Notification, Reservation ID#{{reservation_id}}', 'Online Reservation Confirmation Notification, Reservation ID#{{reservation_id}}'),
(3090, 36, 'push', 'ar', '', ''),
(3091, 36, 'push', 'pt_br', '', ''),
(3092, 36, 'push', 'ja', '', ''),
(3093, 36, 'push', 'fr', '', ''),
(3109, 39, 'email', 'en', 'New contact form from {{email_address}}', '{% include \'header.html\' %}\n<table style=\"width:100%;\">\n <tbody><tr>\n  <td style=\"background:#fef9ef;padding:20px 30px;\">\n    <img style=\"max-width:20%;max-height:50px;\" src=\"{{logo}}\">\n  </td>\n </tr>\n <tr>\n   <td style=\"padding:30px;background:#ffffff;\" valign=\"middle\" align=\"left\">\n    \n   <table width=\"50%\" align=\"center\">\n   <tbody><tr>\n    <td>\n		 \n	\n	 <h5 style=\"margin-bottom:10px;\">CONTACT DETAILS</h5>\n	 \n	 <table>	 \n	 <tbody><tr><td>Email address:</td><td>: {{email_address}}</td></tr>	 \n	 <tr><td>Full name</td><td>: {{fullname}}</td></tr>	 \n	 <tr><td>Contact number</td><td>: {{contact_number}}</td></tr>	 \n	 <tr><td>Country</td><td>: {{country_name}}</td></tr>	 \n	 <tr><td>Message</td><td>: {{message}}</td></tr>	 \n	 </tbody></table>\n	 \n	 \n	\n	</td>\n   </tr>\n   </tbody></table>\n	\n   </td>\n </tr>\n \n \n \n  \n <tr>\n  <td style=\"background:#fef9ef;padding:20px 30px;\">\n    \n   <table style=\"width:100%; table-layout: fixed;\">\n	  <tbody><tr>\n	    <th colspan=\"3\" style=\"text-align: left;\"><h5>Contact Us</h5></th>\n	    <th colspan=\"7\" style=\"text-align: left;\"><h5>For  promos, news, and updates, follow us on:</h5></th>\n	  </tr>\n	  <tr>\n	    <td colspan=\"3\" style=\"text-align: left; padding:0 3px;\" valign=\"top\">\n	     <p>{{site.address}}</p>\n         <p>{{site.contact}}</p>\n         <p>{{site.email}}</p>\n	    </td><td colspan=\"7\" style=\"padding:0 3px;\" valign=\"top\">\n	    \n	      {% include \'social_link.html\' %}\n	     \n	     <table>\n	      <tbody><tr>\n	      <td style=\"padding:0;\"><a href=\"#\" style=\"color:#000;font-size:16px;\">Terms and Conditions</a></td>\n	      <td>●</td>\n	      <td style=\"padding:0;\"><a href=\"#\" style=\"color:#000;font-size:16px;\">Privacy Policy</a></td>\n	      </tr>\n	     </tbody></table>\n	    \n	    </td>\n	  </tr>\n	</tbody></table>\n  \n  </td>\n </tr>\n \n</tbody></table>\n{% include \'footer.html\' %}\n'),
(3110, 39, 'email', 'ar', '', ''),
(3111, 39, 'email', 'pt_br', '', ''),
(3112, 39, 'email', 'ja', '', ''),
(3113, 39, 'email', 'fr', '', ''),
(3114, 39, 'sms', 'en', '', ''),
(3115, 39, 'sms', 'ar', '', ''),
(3116, 39, 'sms', 'pt_br', '', ''),
(3117, 39, 'sms', 'ja', '', ''),
(3118, 39, 'sms', 'fr', '', ''),
(3119, 39, 'push', 'en', 'New contact form from {{email_address}}', 'New contact form from {{email_address}}'),
(3120, 39, 'push', 'ar', '', ''),
(3121, 39, 'push', 'pt_br', '', ''),
(3122, 39, 'push', 'ja', '', ''),
(3123, 39, 'push', 'fr', '', ''),
(3319, 45, 'email', 'en', '', ''),
(3320, 45, 'email', 'ar', '', ''),
(3321, 45, 'email', 'pt_br', '', ''),
(3322, 45, 'email', 'ja', '', ''),
(3323, 45, 'email', 'fr', '', ''),
(3324, 45, 'sms', 'en', '', ''),
(3325, 45, 'sms', 'ar', '', ''),
(3326, 45, 'sms', 'pt_br', '', ''),
(3327, 45, 'sms', 'ja', '', ''),
(3328, 45, 'sms', 'fr', '', ''),
(3329, 45, 'push', 'en', 'Order#{{order_id}} is ready for pickup at {{restaurant_name}}', 'Order#{{order_id}} is ready for pickup at {{restaurant_name}}'),
(3330, 45, 'push', 'ar', '', ''),
(3331, 45, 'push', 'pt_br', '', ''),
(3332, 45, 'push', 'ja', '', ''),
(3333, 45, 'push', 'fr', '', ''),
(3334, 44, 'email', 'en', 'You have new assigned order#{{order_info.order_id}} from {{merchant.restaurant_name}}', 'You have new assigned order#{{order_info.order_id}} from {{merchant.restaurant_name}}'),
(3335, 44, 'email', 'ar', '', ''),
(3336, 44, 'email', 'pt_br', '', ''),
(3337, 44, 'email', 'ja', '', ''),
(3338, 44, 'email', 'fr', '', ''),
(3339, 44, 'sms', 'en', '', 'You have new assigned order#{{order_info.order_id}} from {{merchant.restaurant_name}}'),
(3340, 44, 'sms', 'ar', '', ''),
(3341, 44, 'sms', 'pt_br', '', ''),
(3342, 44, 'sms', 'ja', '', ''),
(3343, 44, 'sms', 'fr', '', ''),
(3344, 44, 'push', 'en', 'You have new assigned order#{{order_id}} from {{restaurant_name}}', 'You have new assigned order#{{order_id}} from {{restaurant_name}}'),
(3345, 44, 'push', 'ar', '', ''),
(3346, 44, 'push', 'pt_br', '', ''),
(3347, 44, 'push', 'ja', '', ''),
(3348, 44, 'push', 'fr', '', ''),
(3349, 43, 'email', 'en', 'Your order#{{order_id}} OTP is {{code}}', 'Your order#{{order_id}} OTP is {{code}}'),
(3350, 43, 'email', 'ar', '', ''),
(3351, 43, 'email', 'pt_br', '', ''),
(3352, 43, 'email', 'ja', '', ''),
(3353, 43, 'email', 'fr', '', ''),
(3354, 43, 'sms', 'en', '', 'Your order#{{order_id}} OTP is {{code}}'),
(3355, 43, 'sms', 'ar', '', ''),
(3356, 43, 'sms', 'pt_br', '', ''),
(3357, 43, 'sms', 'ja', '', ''),
(3358, 43, 'sms', 'fr', '', ''),
(3359, 43, 'push', 'en', 'Your order#{{order_id}} OTP is {{code}}', 'Your order#{{order_id}} OTP is {{code}}'),
(3360, 43, 'push', 'ar', '', ''),
(3361, 43, 'push', 'pt_br', '', ''),
(3362, 43, 'push', 'ja', '', ''),
(3363, 43, 'push', 'fr', '', ''),
(3364, 42, 'email', 'en', '', ''),
(3365, 42, 'email', 'ar', '', ''),
(3366, 42, 'email', 'pt_br', '', ''),
(3367, 42, 'email', 'ja', '', ''),
(3368, 42, 'email', 'fr', '', ''),
(3369, 42, 'sms', 'en', '', ''),
(3370, 42, 'sms', 'ar', '', ''),
(3371, 42, 'sms', 'pt_br', '', ''),
(3372, 42, 'sms', 'ja', '', ''),
(3373, 42, 'sms', 'fr', '', ''),
(3374, 42, 'push', 'en', '{{driver_name}} has missed the assign order#{{order_id}}', '{{driver_name}} has missed the assign order#{{order_id}}'),
(3375, 42, 'push', 'ar', '', ''),
(3376, 42, 'push', 'pt_br', '', ''),
(3377, 42, 'push', 'ja', '', ''),
(3378, 42, 'push', 'fr', '', ''),
(3439, 40, 'email', 'en', '', ''),
(3440, 40, 'email', 'ar', '', ''),
(3441, 40, 'email', 'pt_br', '', ''),
(3442, 40, 'email', 'ja', '', ''),
(3443, 40, 'email', 'fr', '', ''),
(3444, 40, 'sms', 'en', '', ''),
(3445, 40, 'sms', 'ar', '', ''),
(3446, 40, 'sms', 'pt_br', '', ''),
(3447, 40, 'sms', 'ja', '', ''),
(3448, 40, 'sms', 'fr', '', ''),
(3449, 40, 'push', 'en', '{{driver_firstname}} has arrived restaurant {{restaurant_name}}', '{{driver_firstname}} has arrived restaurant {{restaurant_name}}'),
(3450, 40, 'push', 'ar', '', ''),
(3451, 40, 'push', 'pt_br', '', ''),
(3452, 40, 'push', 'ja', '', ''),
(3453, 40, 'push', 'fr', '', ''),
(3454, 41, 'email', 'en', '', ''),
(3455, 41, 'email', 'ar', '', ''),
(3456, 41, 'email', 'pt_br', '', ''),
(3457, 41, 'email', 'ja', '', ''),
(3458, 41, 'email', 'fr', '', ''),
(3459, 41, 'sms', 'en', '', ''),
(3460, 41, 'sms', 'ar', '', ''),
(3461, 41, 'sms', 'pt_br', '', ''),
(3462, 41, 'sms', 'ja', '', ''),
(3463, 41, 'sms', 'fr', '', ''),
(3464, 41, 'push', 'en', '{{driver_firstname}} pickup the order#{{order_id}}', '{{driver_firstname}} pickup the order#{{order_id}}'),
(3465, 41, 'push', 'ar', '', ''),
(3466, 41, 'push', 'pt_br', '', ''),
(3467, 41, 'push', 'ja', '', ''),
(3468, 41, 'push', 'fr', '', ''),
(3469, 46, 'email', 'en', '', ''),
(3470, 46, 'email', 'ar', '', ''),
(3471, 46, 'email', 'pt_br', '', ''),
(3472, 46, 'email', 'ja', '', ''),
(3473, 46, 'email', 'fr', '', ''),
(3474, 46, 'sms', 'en', '', ''),
(3475, 46, 'sms', 'ar', '', ''),
(3476, 46, 'sms', 'pt_br', '', ''),
(3477, 46, 'sms', 'ja', '', ''),
(3478, 46, 'sms', 'fr', '', ''),
(3479, 46, 'push', 'en', 'Order#{{order_id}} is assigned to {{driver_name}}', 'Order#{{order_id}} is assigned to {{driver_name}}'),
(3480, 46, 'push', 'ar', '', ''),
(3481, 46, 'push', 'pt_br', '', ''),
(3482, 46, 'push', 'ja', '', ''),
(3483, 46, 'push', 'fr', '', ''),
(3484, 47, 'email', 'en', '', ''),
(3485, 47, 'email', 'ar', '', ''),
(3486, 47, 'email', 'pt_br', '', ''),
(3487, 47, 'email', 'ja', '', ''),
(3488, 47, 'email', 'fr', '', ''),
(3489, 47, 'sms', 'en', '', ''),
(3490, 47, 'sms', 'ar', '', ''),
(3491, 47, 'sms', 'pt_br', '', ''),
(3492, 47, 'sms', 'ja', '', ''),
(3493, 47, 'sms', 'fr', '', ''),
(3494, 47, 'push', 'en', 'Your delivery rider is it is way to you location', 'Your delivery rider is it is way to you location'),
(3495, 47, 'push', 'ar', '', ''),
(3496, 47, 'push', 'pt_br', '', ''),
(3497, 47, 'push', 'ja', '', ''),
(3498, 47, 'push', 'fr', '', ''),
(3499, 48, 'email', 'en', '', ''),
(3500, 48, 'email', 'ar', '', ''),
(3501, 48, 'email', 'pt_br', '', ''),
(3502, 48, 'email', 'ja', '', ''),
(3503, 48, 'email', 'fr', '', ''),
(3504, 48, 'sms', 'en', '', ''),
(3505, 48, 'sms', 'ar', '', ''),
(3506, 48, 'sms', 'pt_br', '', ''),
(3507, 48, 'sms', 'ja', '', ''),
(3508, 48, 'sms', 'fr', '', ''),
(3509, 48, 'push', 'en', 'Your delivery rider has arrived to your location', 'Your delivery rider has arrived to your location'),
(3510, 48, 'push', 'ar', '', ''),
(3511, 48, 'push', 'pt_br', '', ''),
(3512, 48, 'push', 'ja', '', ''),
(3513, 48, 'push', 'fr', '', ''),
(3529, 37, 'email', 'en', 'Reservation Confirmed at {{restaurant_name}}', '{% include \'header.html\' %}\r\n<table style=\"width:100%;\">\r\n <tbody><tr>\r\n  <td style=\"background:#fef9ef;padding:20px 30px;\">\r\n    <img style=\"max-width:20%;max-height:50px;\" src=\"{{logo}}\">\r\n  </td>\r\n </tr>\r\n <tr>\r\n   <td style=\"padding:30px;background:#ffffff;\" valign=\"middle\" align=\"left\">\r\n    \r\n   <table width=\"50%\" align=\"center\">\r\n   <tbody><tr>\r\n    <td>\r\n	\r\n	 <p style=\"margin-bottom:10px;\">Your reservation at {{restaurant_name}} is confirmed!</p>\r\n	\r\n	 <h5 style=\"margin-bottom:10px;\">RESERVATION DETAILS</h5>\r\n	 \r\n	 <table>	 \r\n	 <tbody><tr><td>Name of guest:</td><td>: {{guest_fullname}}</td></tr>\r\n	 <tr><td>Number of guests</td><td>: {{guest_number}}</td></tr>\r\n	 <tr><td>Time of arrival</td><td>: {{reservation_datetime}}</td></tr>	 \r\n	 </tbody></table>\r\n	 \r\n	 <p style=\"margin-bottom:10px;\">Your Reservation ID is <b>{{reservation_id}}</b></p>\r\n	\r\n	<div style=\"margin:auto;text-align:center;padding-top:10px; padding-bottom:10px;\">\r\n	 <a href=\"{{manage_reservation_link}}\" target=\"_blank\" style=\"display:block;margin:auto;max-width:200px;padding:10px;background:#3ecf8e;color:#fff;\r\n     text-decoration:none;font-size:18px;font-weight:bold;\">\r\n     Manage reservation\r\n     </a>\r\n	</div>\r\n	 \r\n	<p style=\"text-align:center;\">or click this link:</p>\r\n	<p style=\"text-align:center;\"><a href=\"{{manage_reservation_link}}\">{{manage_reservation_link}}</a></p>\r\n	\r\n	<br><br>\r\n	<h5 style=\"margin-bottom:10px;\">Special Requests</h5>\r\n	<p style=\"margin-bottom:10px;\">{{special_request}}</p>\r\n	<br><br>\r\n	\r\n	<h5 style=\"margin-bottom:10px;\">RESTAURANT DETAILS</h5>\r\n	<p style=\"margin-bottom:10px;\">{{restaurant_name}}</p>\r\n	<p style=\"margin-bottom:10px;\">{{restaurant_contact_phone}} / {{restaurant_contact_email}}</p>\r\n	<br><br>\r\n	\r\n	<h5 style=\"margin-bottom:10px;\">Notes from the restaurant</h5>\r\n	<p style=\"margin-bottom:10px;\">{{notes_from_restaurant}}</p>\r\n	\r\n	</td>\r\n   </tr>\r\n   </tbody></table>\r\n	\r\n   </td>\r\n </tr>\r\n \r\n \r\n \r\n  \r\n <tr>\r\n  <td style=\"background:#fef9ef;padding:20px 30px;\">\r\n    \r\n   <table style=\"width:100%; table-layout: fixed;\">\r\n	  <tbody><tr>\r\n	    <th colspan=\"3\" style=\"text-align: left;\"><h5>Contact Us</h5></th>\r\n	    <th colspan=\"7\" style=\"text-align: left;\"><h5>For  promos, news, and updates, follow us on:</h5></th>\r\n	  </tr>\r\n	  <tr>\r\n	    <td colspan=\"3\" style=\"text-align: left; padding:0 3px;\" valign=\"top\">\r\n	     <p>{{site.address}}</p>\r\n         <p>{{site.contact}}</p>\r\n         <p>{{site.email}}</p>\r\n	    </td><td colspan=\"7\" style=\"padding:0 3px;\" valign=\"top\">\r\n	    \r\n	      {% include \'social_link.html\' %}\r\n	     \r\n	     <table>\r\n	      <tbody><tr>\r\n	      <td style=\"padding:0;\"><a href=\"#\" style=\"color:#000;font-size:16px;\">Terms and Conditions</a></td>\r\n	      <td>●</td>\r\n	      <td style=\"padding:0;\"><a href=\"#\" style=\"color:#000;font-size:16px;\">Privacy Policy</a></td>\r\n	      </tr>\r\n	     </tbody></table>\r\n	    \r\n	    </td>\r\n	  </tr>\r\n	</tbody></table>\r\n  \r\n  </td>\r\n </tr>\r\n \r\n</tbody></table>\r\n{% include \'footer.html\' %}\r\n'),
(3530, 37, 'email', 'ar', '', ''),
(3531, 37, 'email', 'pt_br', '', ''),
(3532, 37, 'email', 'ja', '', ''),
(3533, 37, 'email', 'fr', '', ''),
(3534, 37, 'sms', 'en', '', ''),
(3535, 37, 'sms', 'ar', '', ''),
(3536, 37, 'sms', 'pt_br', '', ''),
(3537, 37, 'sms', 'ja', '', ''),
(3538, 37, 'sms', 'fr', '', ''),
(3539, 37, 'push', 'en', 'Reservation Confirmed at {{restaurant_name}}, Reservation ID#{{reservation_id}}', 'Reservation Confirmed at {{restaurant_name}}, Reservation ID#{{reservation_id}}'),
(3540, 37, 'push', 'ar', '', ''),
(3541, 37, 'push', 'pt_br', '', ''),
(3542, 37, 'push', 'ja', '', ''),
(3543, 37, 'push', 'fr', '', ''),
(3574, 7, 'email', 'en', 'Your order #{{order_info.order_id}} is cancelled for a reason {{rejetion_reason}}', '{% include \'header.html\' %}\r\n<table style=\"width:100%;\">\r\n <tbody><tr>\r\n  <td style=\"background:#fef9ef;padding:20px 30px;\">\r\n    <img style=\"max-width:20%;max-height:50px;\" src=\"{{logo}}\">\r\n  </td>\r\n </tr>\r\n <tr>\r\n   <td style=\"padding:30px;background:#ffffff;\" valign=\"middle\" align=\"center\">\r\n    <h2 style=\"margin:0;\">Your order #{{order_id}} has been cancelled</h2>\r\n    <p style=\"padding:10px;\">unfortunately merchant cannot fulfill your order, merchant says <b>{{order_info.rejetion_reason}}</b></p>\r\n    \r\n   </td>\r\n </tr>\r\n \r\n <tr>\r\n  <td style=\"background:#fef9ef;\">\r\n  \r\n     {% include \'summary.html\' %}\r\n   \r\n  </td>\r\n </tr>\r\n \r\n <tr>\r\n   <td style=\"background:#ffffff;\">\r\n     {% include \'items.html\' %}\r\n   </td>\r\n </tr>\r\n  \r\n <tr>\r\n  <td style=\"background:#fef9ef;padding:20px 30px;\">\r\n    \r\n   <table style=\"width:100%; table-layout: fixed;\">\r\n	  <tbody><tr>\r\n	    <th colspan=\"3\" style=\"text-align: left;\"><h5>Contact Us</h5></th>\r\n	    <th colspan=\"7\" style=\"text-align: left;\"><h5>For  promos, news, and updates, follow us on:</h5></th>\r\n	  </tr>\r\n	  <tr>\r\n	    <td colspan=\"3\" style=\"text-align: left; padding:0 3px;\" valign=\"top\">\r\n	     <p>{{site.address}}</p>\r\n         <p>{{site.contact}}</p>\r\n         <p>{{site.email}}</p>\r\n	    </td><td colspan=\"7\" style=\"padding:0 3px;\" valign=\"top\">\r\n	    \r\n	      {% include \'social_link.html\' %}\r\n	     \r\n	     <table>\r\n	      <tbody><tr>\r\n	      <td style=\"padding:0;\"><a href=\"#\" style=\"color:#000;font-size:16px;\">Terms and Conditions</a></td>\r\n	      <td>●</td>\r\n	      <td style=\"padding:0;\"><a href=\"#\" style=\"color:#000;font-size:16px;\">Privacy Policy</a></td>\r\n	      </tr>\r\n	     </tbody></table>\r\n	    \r\n	    </td>\r\n	  </tr>\r\n	</tbody></table>\r\n  \r\n  </td>\r\n </tr>\r\n \r\n</tbody></table>\r\n{% include \'footer.html\' %}\r\n'),
(3575, 7, 'email', 'de', '', ''),
(3576, 7, 'email', 'ar', '', ''),
(3577, 7, 'email', 'pt_br', '', ''),
(3578, 7, 'email', 'ja', '', ''),
(3579, 7, 'sms', 'en', '', ''),
(3580, 7, 'sms', 'de', '', ''),
(3581, 7, 'sms', 'ar', '', ''),
(3582, 7, 'sms', 'pt_br', '', ''),
(3583, 7, 'sms', 'ja', '', ''),
(3584, 7, 'push', 'en', 'Your order #{{order_id}} is cancelled', 'Your order #{{order_id}} is cancelled'),
(3585, 7, 'push', 'de', '', ''),
(3586, 7, 'push', 'ar', '', ''),
(3587, 7, 'push', 'pt_br', '', ''),
(3588, 7, 'push', 'ja', '', ''),
(3604, 6, 'email', 'en', 'Your order #{{order_id}} has been rejected', '{% include \'header.html\' %}\r\n<table style=\"width:100%;\">\r\n <tbody><tr>\r\n  <td style=\"background:#fef9ef;padding:20px 30px;\">\r\n    <img style=\"max-width:20%;max-height:50px;\" src=\"{{logo}}\">\r\n  </td>\r\n </tr>\r\n <tr>\r\n   <td style=\"padding:30px;background:#ffffff;\" valign=\"middle\" align=\"center\">\r\n    <h2 style=\"margin:0;\">Your order #{{order_id}} has been rejected</h2>\r\n    <p style=\"padding:10px;\">unfortunately merchant cannot fulfill your order, merchant says <b>{{order_info.rejetion_reason}}</b></p>\r\n    \r\n   </td>\r\n </tr>\r\n \r\n <tr>\r\n  <td style=\"background:#fef9ef;\">\r\n  \r\n     {% include \'summary.html\' %}\r\n   \r\n  </td>\r\n </tr>\r\n \r\n <tr>\r\n   <td style=\"background:#ffffff;\">\r\n     {% include \'items.html\' %}\r\n   </td>\r\n </tr>\r\n  \r\n <tr>\r\n  <td style=\"background:#fef9ef;padding:20px 30px;\">\r\n    \r\n   <table style=\"width:100%; table-layout: fixed;\">\r\n	  <tbody><tr>\r\n	    <th colspan=\"3\" style=\"text-align: left;\"><h5>Contact Us</h5></th>\r\n	    <th colspan=\"7\" style=\"text-align: left;\"><h5>For  promos, news, and updates, follow us on:</h5></th>\r\n	  </tr>\r\n	  <tr>\r\n	    <td colspan=\"3\" style=\"text-align: left; padding:0 3px;\" valign=\"top\">\r\n	     <p>{{site.address}}</p>\r\n         <p>{{site.contact}}</p>\r\n         <p>{{site.email}}</p>\r\n	    </td><td colspan=\"7\" style=\"padding:0 3px;\" valign=\"top\">\r\n	    \r\n	      {% include \'social_link.html\' %}\r\n	     \r\n	     <table>\r\n	      <tbody><tr>\r\n	      <td style=\"padding:0;\"><a href=\"#\" style=\"color:#000;font-size:16px;\">Terms and Conditions</a></td>\r\n	      <td>●</td>\r\n	      <td style=\"padding:0;\"><a href=\"#\" style=\"color:#000;font-size:16px;\">Privacy Policy</a></td>\r\n	      </tr>\r\n	     </tbody></table>\r\n	    \r\n	    </td>\r\n	  </tr>\r\n	</tbody></table>\r\n  \r\n  </td>\r\n </tr>\r\n \r\n</tbody></table>\r\n{% include \'footer.html\' %}\r\n'),
(3605, 6, 'email', 'de', '', ''),
(3606, 6, 'email', 'ar', '', ''),
(3607, 6, 'email', 'pt_br', '', ''),
(3608, 6, 'email', 'ja', '', ''),
(3609, 6, 'sms', 'en', '', ''),
(3610, 6, 'sms', 'de', '', ''),
(3611, 6, 'sms', 'ar', '', ''),
(3612, 6, 'sms', 'pt_br', '', ''),
(3613, 6, 'sms', 'ja', '', ''),
(3614, 6, 'push', 'en', 'Your order #{{order_id}} has been rejected - {{rejetion_reason}}', 'Your order #{{order_id}} has been rejected - {{rejetion_reason}}'),
(3615, 6, 'push', 'de', '', ''),
(3616, 6, 'push', 'ar', '', ''),
(3617, 6, 'push', 'pt_br', '', ''),
(3618, 6, 'push', 'ja', '', ''),
(3754, 50, 'email', 'en', 'Complete your signup for {{site.site_name}}', '<p>Dear {{first_name}},</p><p>Thank you for signing up for {{site.site_name}}!</p><p>To ensure the security of your account and complete the signup process, \nplease verify your email address by clicking the link below:</p>\n\n<p><a href=\"{{verification_link}}\" target=\"_blank\">\nClick here\n</a></p>\n\n<p>If the above link doesn\'t work, copy and paste the following URL into your browser\'s address bar:</p><p>{{verification_link}}</p><p>Thank you for choosing {{site.site_name}}. If you have any questions or need assistance, feel free to contact our support team at {{site.email}} / {{site.contact}} .</p><p>Best regards,</p><p>{{site_name}} Team</p><p></p><p></p><p></p><p></p><p></p><p></p><p></p>'),
(3755, 50, 'email', 'de', '', ''),
(3756, 50, 'email', 'ar', '', ''),
(3757, 50, 'email', 'pt_br', '', ''),
(3758, 50, 'email', 'ja', '', ''),
(3759, 50, 'sms', 'en', '', ''),
(3760, 50, 'sms', 'de', '', ''),
(3761, 50, 'sms', 'ar', '', ''),
(3762, 50, 'sms', 'pt_br', '', ''),
(3763, 50, 'sms', 'ja', '', ''),
(3764, 50, 'push', 'en', '', ''),
(3765, 50, 'push', 'de', '', ''),
(3766, 50, 'push', 'ar', '', ''),
(3767, 50, 'push', 'pt_br', '', ''),
(3768, 50, 'push', 'ja', '', ''),
(3799, 20, 'email', 'en', 'Order #{{order_info.order_id}} from {{customer_name}} is cancelled', 'Order #{{order_info.order_id}} from {{customer_name}} is cancelled'),
(3800, 20, 'email', 'de', '', ''),
(3801, 20, 'email', 'ar', '', ''),
(3802, 20, 'email', 'pt_br', '', ''),
(3803, 20, 'email', 'ja', '', ''),
(3804, 20, 'sms', 'en', '', ''),
(3805, 20, 'sms', 'de', '', ''),
(3806, 20, 'sms', 'ar', '', ''),
(3807, 20, 'sms', 'pt_br', '', ''),
(3808, 20, 'sms', 'ja', '', ''),
(3809, 20, 'push', 'en', 'Order #{{order_id}} from {{customer_name}} is cancelled', 'Order #{{order_id}} from {{customer_name}} is cancelled'),
(3810, 20, 'push', 'de', '', ''),
(3811, 20, 'push', 'ar', '', ''),
(3812, 20, 'push', 'pt_br', '', ''),
(3813, 20, 'push', 'ja', '', ''),
(3844, 13, 'email', 'en', 'OTP!', '{% include \'header.html\' %}\r\n<table style=\"width:100%;\">\r\n <tbody><tr>\r\n  <td style=\"background:#fef9ef;padding:20px 30px;\">\r\n    <img style=\"max-width:20%;max-height:50px;\" src=\"{{logo}}\">\r\n  </td>\r\n </tr>\r\n <tr>\r\n   <td style=\"padding:30px;background:#ffffff;\" valign=\"middle\" align=\"left\">\r\n    \r\n    <p>Hi <br></p>\r\n	\r\n	<p>Your OTP is {{code}}.</p>		\r\n	\r\n   </td>\r\n </tr>\r\n \r\n \r\n \r\n  \r\n <tr>\r\n  <td style=\"background:#fef9ef;padding:20px 30px;\">\r\n    \r\n   <table style=\"width:100%; table-layout: fixed;\">\r\n	  <tbody><tr>\r\n	    <th colspan=\"3\" style=\"text-align: left;\"><h5>Contact Us</h5></th>\r\n	    <th colspan=\"7\" style=\"text-align: left;\"><h5>For  promos, news, and updates, follow us on:</h5></th>\r\n	  </tr>\r\n	  <tr>\r\n	    <td colspan=\"3\" style=\"text-align: left; padding:0 3px;\" valign=\"top\">\r\n	     <p>{{site.address}}</p>\r\n         <p>{{site.contact}}</p>\r\n         <p>{{site.email}}</p>\r\n	    </td><td colspan=\"7\" style=\"padding:0 3px;\" valign=\"top\">\r\n	    \r\n	      {% include \'social_link.html\' %}\r\n	     \r\n	     <table>\r\n	      <tbody><tr>\r\n	      <td style=\"padding:0;\"><a href=\"#\" style=\"color:#000;font-size:16px;\">Terms and Conditions</a></td>\r\n	      <td>●</td>\r\n	      <td style=\"padding:0;\"><a href=\"#\" style=\"color:#000;font-size:16px;\">Privacy Policy</a></td>\r\n	      </tr>\r\n	     </tbody></table>\r\n	    \r\n	    </td>\r\n	  </tr>\r\n	</tbody></table>\r\n  \r\n  </td>\r\n </tr>\r\n \r\n</tbody></table>\r\n{% include \'footer.html\' %}\r\n'),
(3845, 13, 'email', 'de', '', ''),
(3846, 13, 'email', 'ar', '', ''),
(3847, 13, 'email', 'pt_br', '', ''),
(3848, 13, 'email', 'ja', '', ''),
(3849, 13, 'sms', 'en', '', 'Your OTP is {{code}}.'),
(3850, 13, 'sms', 'de', '', ''),
(3851, 13, 'sms', 'ar', '', ''),
(3852, 13, 'sms', 'pt_br', '', ''),
(3853, 13, 'sms', 'ja', '', ''),
(3854, 13, 'push', 'en', '', ''),
(3855, 13, 'push', 'de', '', ''),
(3856, 13, 'push', 'ar', '', ''),
(3857, 13, 'push', 'pt_br', '', ''),
(3858, 13, 'push', 'ja', '', ''),
(4024, 49, 'email', 'en', 'Test runactions', '<p>this is a test runactions<br></p>'),
(4025, 49, 'email', 'de', '', ''),
(4026, 49, 'email', 'ar', '', ''),
(4027, 49, 'email', 'pt_br', '', ''),
(4028, 49, 'email', 'ja', '', ''),
(4029, 49, 'sms', 'en', '', 'Test sms'),
(4030, 49, 'sms', 'de', '', ''),
(4031, 49, 'sms', 'ar', '', ''),
(4032, 49, 'sms', 'pt_br', '', ''),
(4033, 49, 'sms', 'ja', '', 'テストSMS'),
(4034, 49, 'push', 'en', 'Test runactions', 'Test runactions'),
(4035, 49, 'push', 'de', '', ''),
(4036, 49, 'push', 'ar', '', ''),
(4037, 49, 'push', 'pt_br', '', ''),
(4038, 49, 'push', 'ja', '', ''),
(4159, 8, 'email', 'en', 'Sorry for the delay in delivery!', '{% include \'header.html\' %}\r\n<table style=\"width:100%;\">\r\n <tbody><tr>\r\n  <td style=\"background:#fef9ef;padding:20px 30px;\">\r\n    <img style=\"max-width:20%;max-height:50px;\" src=\"{{logo}}\">\r\n  </td>\r\n </tr>\r\n <tr>\r\n   <td style=\"padding:30px;background:#ffffff;\" valign=\"middle\" align=\"left\">\r\n    \r\n    <p>Hi {{order_info.customer_name}},</p>\r\n	\r\n	<p>We are sorry the item(s) from your order {{order_info.order_id}} is taking longer than expected. \r\n	We are working closely with the restaurant team to deliver this order as soon as possible.​</p>\r\n	\r\n	<p><b>{{order_info.delayed_order}}</b></p>\r\n	\r\n	<p>\r\n	Please make sure to turn on your App notification to get the latest updates on your order. \r\n	</p>\r\n    \r\n   </td>\r\n </tr>\r\n \r\n <tr>\r\n  <td style=\"background:#fef9ef;\">\r\n  \r\n     {% include \'summary.html\' %}\r\n   \r\n  </td>\r\n </tr>\r\n \r\n <tr>\r\n   <td style=\"background:#ffffff;\">\r\n     {% include \'items.html\' %}\r\n   </td>\r\n </tr>\r\n  \r\n <tr>\r\n  <td style=\"background:#fef9ef;padding:20px 30px;\">\r\n    \r\n   <table style=\"width:100%; table-layout: fixed;\">\r\n	  <tbody><tr>\r\n	    <th colspan=\"3\" style=\"text-align: left;\"><h5>Contact Us</h5></th>\r\n	    <th colspan=\"7\" style=\"text-align: left;\"><h5>For  promos, news, and updates, follow us on:</h5></th>\r\n	  </tr>\r\n	  <tr>\r\n	    <td colspan=\"3\" style=\"text-align: left; padding:0 3px;\" valign=\"top\">\r\n	     <p>{{site.address}}</p>\r\n         <p>{{site.contact}}</p>\r\n         <p>{{site.email}}</p>\r\n	    </td><td colspan=\"7\" style=\"padding:0 3px;\" valign=\"top\">\r\n	    \r\n	      {% include \'social_link.html\' %}\r\n	     \r\n	     <table>\r\n	      <tbody><tr>\r\n	      <td style=\"padding:0;\"><a href=\"#\" style=\"color:#000;font-size:16px;\">Terms and Conditions</a></td>\r\n	      <td>●</td>\r\n	      <td style=\"padding:0;\"><a href=\"#\" style=\"color:#000;font-size:16px;\">Privacy Policy</a></td>\r\n	      </tr>\r\n	     </tbody></table>\r\n	    \r\n	    </td>\r\n	  </tr>\r\n	</tbody></table>\r\n  \r\n  </td>\r\n </tr>\r\n \r\n</tbody></table>\r\n{% include \'footer.html\' %}\r\n'),
(4160, 8, 'email', 'de', '', ''),
(4161, 8, 'email', 'ar', '', ''),
(4162, 8, 'email', 'pt_br', '', ''),
(4163, 8, 'email', 'ja', '', ''),
(4164, 8, 'sms', 'en', '', 'Sorry for the delay in delivery!'),
(4165, 8, 'sms', 'de', '', ''),
(4166, 8, 'sms', 'ar', '', ''),
(4167, 8, 'sms', 'pt_br', '', ''),
(4168, 8, 'sms', 'ja', '', ''),
(4169, 8, 'push', 'en', 'Order #{{order_id}} will be late, {{delayed_order_mins}}min(s)', 'Your order@{{order_id}} will be late, in {{delayed_order_mins}}min(s)'),
(4170, 8, 'push', 'de', '', ''),
(4171, 8, 'push', 'ar', '', ''),
(4172, 8, 'push', 'pt_br', '', ''),
(4173, 8, 'push', 'ja', '', ''),
(4189, 32, 'email', 'en', 'OTP!', '{% include \'header.html\' %}\r\n<table style=\"width:100%;\">\r\n <tbody><tr>\r\n  <td style=\"background:#fef9ef;padding:20px 30px;\">\r\n    <img style=\"max-width:20%;max-height:50px;\" src=\"{{logo}}\">\r\n  </td>\r\n </tr>\r\n <tr>\r\n   <td style=\"padding:30px;background:#ffffff;\" valign=\"middle\" align=\"left\">\r\n    \r\n    <p>Hi <br></p>\r\n	\r\n	<p>Your OTP is {{code}}.</p>		\r\n	\r\n   </td>\r\n </tr>\r\n \r\n \r\n \r\n  \r\n <tr>\r\n  <td style=\"background:#fef9ef;padding:20px 30px;\">\r\n    \r\n   <table style=\"width:100%; table-layout: fixed;\">\r\n	  <tbody><tr>\r\n	    <th colspan=\"3\" style=\"text-align: left;\"><h5>Contact Us</h5></th>\r\n	    <th colspan=\"7\" style=\"text-align: left;\"><h5>For  promos, news, and updates, follow us on:</h5></th>\r\n	  </tr>\r\n	  <tr>\r\n	    <td colspan=\"3\" style=\"text-align: left; padding:0 3px;\" valign=\"top\">\r\n	     <p>{{site.address}}</p>\r\n         <p>{{site.contact}}</p>\r\n         <p>{{site.email}}</p>\r\n	    </td><td colspan=\"7\" style=\"padding:0 3px;\" valign=\"top\">\r\n	    \r\n	      {% include \'social_link.html\' %}\r\n	     \r\n	     <table>\r\n	      <tbody><tr>\r\n	      <td style=\"padding:0;\"><a href=\"#\" style=\"color:#000;font-size:16px;\">Terms and Conditions</a></td>\r\n	      <td>●</td>\r\n	      <td style=\"padding:0;\"><a href=\"#\" style=\"color:#000;font-size:16px;\">Privacy Policy</a></td>\r\n	      </tr>\r\n	     </tbody></table>\r\n	    \r\n	    </td>\r\n	  </tr>\r\n	</tbody></table>\r\n  \r\n  </td>\r\n </tr>\r\n \r\n</tbody></table>\r\n{% include \'footer.html\' %}'),
(4190, 32, 'email', 'de', '', ''),
(4191, 32, 'email', 'ar', '', ''),
(4192, 32, 'email', 'pt_br', '', ''),
(4193, 32, 'email', 'ja', '', ''),
(4194, 32, 'sms', 'en', '', 'Your OTP is {{code}}.'),
(4195, 32, 'sms', 'de', '', ''),
(4196, 32, 'sms', 'ar', '', ''),
(4197, 32, 'sms', 'pt_br', '', ''),
(4198, 32, 'sms', 'ja', '', ''),
(4199, 32, 'push', 'en', '', ''),
(4200, 32, 'push', 'de', '', ''),
(4201, 32, 'push', 'ar', '', ''),
(4202, 32, 'push', 'pt_br', '', ''),
(4203, 32, 'push', 'ja', '', ''),
(4219, 14, 'email', 'en', 'Password change instructions', '{% include \'header.html\' %}\r\n<table style=\"width:100%;\">\r\n <tbody><tr>\r\n  <td style=\"background:#fef9ef;padding:20px 30px;\">\r\n    <img style=\"max-width:20%;max-height:50px;\" src=\"{{logo}}\">\r\n  </td>\r\n </tr>\r\n <tr>\r\n   <td style=\"padding:30px;background:#ffffff;\" valign=\"middle\" align=\"left\">\r\n    \r\n   <table width=\"50%\" align=\"center\">\r\n   <tbody><tr>\r\n    <td>\r\n	\r\n	<p style=\"margin-bottom:10px;\">Hi {{first_name}} {{last_name}},</p>\r\n	\r\n	 <p style=\"margin-bottom:10px;\">It looks like you have forgotten your password. We can help you to create a new password.</p>\r\n	\r\n	<div style=\"margin:auto;text-align:center;padding-top:10px; padding-bottom:10px;\">\r\n	 <a href=\"{{reset_password_link}}\" target=\"_blank\" style=\"display:block;margin:auto;max-width:200px;padding:10px;background:#3ecf8e;color:#fff;\r\n     text-decoration:none;font-size:18px;font-weight:bold;\">\r\n     Reset Password\r\n     </a>\r\n	</div>\r\n	 \r\n	<p style=\"text-align:center;\">or click this link:</p>\r\n	<p style=\"text-align:center;\"><a href=\"{{reset_password_link}}\">{{reset_password_link}}</a></p>\r\n	\r\n	</td>\r\n   </tr>\r\n   </tbody></table>\r\n	\r\n   </td>\r\n </tr>\r\n \r\n \r\n \r\n  \r\n <tr>\r\n  <td style=\"background:#fef9ef;padding:20px 30px;\">\r\n    \r\n   <table style=\"width:100%; table-layout: fixed;\">\r\n	  <tbody><tr>\r\n	    <th colspan=\"3\" style=\"text-align: left;\"><h5>Contact Us</h5></th>\r\n	    <th colspan=\"7\" style=\"text-align: left;\"><h5>For  promos, news, and updates, follow us on:</h5></th>\r\n	  </tr>\r\n	  <tr>\r\n	    <td colspan=\"3\" style=\"text-align: left; padding:0 3px;\" valign=\"top\">\r\n	     <p>{{site.address}}</p>\r\n         <p>{{site.contact}}</p>\r\n         <p>{{site.email}}</p>\r\n	    </td><td colspan=\"7\" style=\"padding:0 3px;\" valign=\"top\">\r\n	    \r\n	      {% include \'social_link.html\' %}\r\n	     \r\n	     <table>\r\n	      <tbody><tr>\r\n	      <td style=\"padding:0;\"><a href=\"#\" style=\"color:#000;font-size:16px;\">Terms and Conditions</a></td>\r\n	      <td>●</td>\r\n	      <td style=\"padding:0;\"><a href=\"#\" style=\"color:#000;font-size:16px;\">Privacy Policy</a></td>\r\n	      </tr>\r\n	     </tbody></table>\r\n	    \r\n	    </td>\r\n	  </tr>\r\n	</tbody></table>\r\n  \r\n  </td>\r\n </tr>\r\n \r\n</tbody></table>\r\n{% include \'footer.html\' %}\r\n'),
(4220, 14, 'email', 'de', '', ''),
(4221, 14, 'email', 'ar', '', ''),
(4222, 14, 'email', 'pt_br', '', ''),
(4223, 14, 'email', 'ja', '', ''),
(4224, 14, 'sms', 'en', '', 'Your OTP is {{code}}'),
(4225, 14, 'sms', 'de', '', ''),
(4226, 14, 'sms', 'ar', '', ''),
(4227, 14, 'sms', 'pt_br', '', ''),
(4228, 14, 'sms', 'ja', '', ''),
(4229, 14, 'push', 'en', '', ''),
(4230, 14, 'push', 'de', '', ''),
(4231, 14, 'push', 'ar', '', ''),
(4232, 14, 'push', 'pt_br', '', ''),
(4233, 14, 'push', 'ja', '', ''),
(4234, 4, 'email', 'en', 'Order Summary', '{% include \'header.html\' %}\r\n\r\n\r\n\r\n<table style=\"width:100%;\">\r\n <tbody><tr>\r\n  <td style=\"background:#fef9ef;padding:20px 30px;\">\r\n    <img style=\"max-width:15%;max-height:50px;\" src=\"{{logo}}\">\r\n  </td>\r\n </tr>\r\n <tr>\r\n   <td style=\"padding:30px;background:#ffffff;\" valign=\"middle\" align=\"center\">\r\n    <h2 style=\"margin:0;\">Thanks for your order</h2>\r\n    <p style=\"padding:10px;\">You\'ll receive an email when your food are ready to deliver. If you have any questions, Call us {{merchant.contact_phone}}.</p>\r\n    <br>    \r\n    <a href=\"{{order.order_info.tracking_link}}\" target=\"_blank\" style=\"display:block;margin:auto;max-width:200px;padding:10px;background:#3ecf8e;color:#fff;\r\n     text-decoration:none;font-size:18px;font-weight:bold;\">\r\n     Track Order\r\n     </a>\r\n    \r\n   </td>\r\n </tr>\r\n \r\n <tr>\r\n  <td style=\"background:#fef9ef;\">\r\n      {% include \'summary.html\' %}\r\n  </td>\r\n </tr>\r\n \r\n <tr>\r\n   <td style=\"background:#ffffff;\">\r\n     {% include \'items.html\' %}\r\n   </td>\r\n </tr>\r\n  \r\n <tr>\r\n  <td style=\"background:#fef9ef;padding:20px 30px;\">\r\n    \r\n    <table style=\"width:100%; table-layout: fixed;\">\r\n	  <tbody><tr>\r\n	    <th colspan=\"3\" style=\"text-align: left;\"><h5>Contact Us</h5></th>\r\n	    <th colspan=\"7\" style=\"text-align: left;\"><h5>For  promos, news, and updates, follow us on:</h5></th>\r\n	  </tr>\r\n	  <tr>\r\n	    <td colspan=\"3\" style=\"text-align: left; padding:0 3px;\" valign=\"top\">\r\n	     <p>{{site.address}}</p>\r\n         <p>{{site.contact}}</p>\r\n         <p>{{site.email}}</p>\r\n	    </td><td colspan=\"7\" style=\"padding:0 3px;\" valign=\"top\">\r\n	    \r\n	    {% include \'social_link.html\' %}\r\n	     \r\n	     <table>\r\n	      <tbody><tr>\r\n	      <td style=\"padding:0;\"><a href=\"#\" style=\"color:#000;font-size:16px;\">Terms and Conditions</a></td>\r\n	      <td>●</td>\r\n	      <td style=\"padding:0;\"><a href=\"#\" style=\"color:#000;font-size:16px;\">Privacy Policy</a></td>\r\n	      </tr>\r\n	     </tbody></table>\r\n	    \r\n	    </td>\r\n	  </tr>\r\n	</tbody></table>\r\n  \r\n  </td>\r\n </tr>\r\n \r\n</tbody></table>\r\n\r\n{% include \'footer.html\' %}'),
(4235, 4, 'email', 'de', '', ''),
(4236, 4, 'email', 'ar', 'ملخص الطلب', '{% include \'header.html\' %}\r\n\r\n\r\n\r\n<table style=\"width:100%;\">\r\n <tbody><tr>\r\n  <td style=\"background:#fef9ef;padding:20px 30px;\">\r\n    <img style=\"max-width:15%;max-height:50px;\" src=\"{{logo}}\">\r\n  </td>\r\n </tr>\r\n <tr>\r\n   <td style=\"padding:30px;background:#ffffff;\" valign=\"middle\" align=\"center\">\r\n    <h2 style=\"margin:0;\">Thanks for your order</h2>\r\n    <p style=\"padding:10px;\">You\'ll receive an email when your food are ready to deliver. If you have any questions, Call us {{merchant.contact_phone}}.</p>\r\n    <br>    \r\n    <a href=\"{{order.order_info.tracking_link}}\" target=\"_blank\" style=\"display:block;margin:auto;max-width:200px;padding:10px;background:#3ecf8e;color:#fff;\r\n     text-decoration:none;font-size:18px;font-weight:bold;\">\r\n     Track Order\r\n     </a>\r\n    \r\n   </td>\r\n </tr>\r\n \r\n <tr>\r\n  <td style=\"background:#fef9ef;\">\r\n      {% include \'summary.html\' %}\r\n  </td>\r\n </tr>\r\n \r\n <tr>\r\n   <td style=\"background:#ffffff;\">\r\n     {% include \'items.html\' %}\r\n   </td>\r\n </tr>\r\n  \r\n <tr>\r\n  <td style=\"background:#fef9ef;padding:20px 30px;\">\r\n    \r\n    <table style=\"width:100%; table-layout: fixed;\">\r\n	  <tbody><tr>\r\n	    <th colspan=\"3\" style=\"text-align: left;\"><h5>Contact Us</h5></th>\r\n	    <th colspan=\"7\" style=\"text-align: left;\"><h5>For  promos, news, and updates, follow us on:</h5></th>\r\n	  </tr>\r\n	  <tr>\r\n	    <td colspan=\"3\" style=\"text-align: left; padding:0 3px;\" valign=\"top\">\r\n	     <p>{{site.address}}</p>\r\n         <p>{{site.contact}}</p>\r\n         <p>{{site.email}}</p>\r\n	    </td><td colspan=\"7\" style=\"padding:0 3px;\" valign=\"top\">\r\n	    \r\n	    {% include \'social_link.html\' %}\r\n	     \r\n	     <table>\r\n	      <tbody><tr>\r\n	      <td style=\"padding:0;\"><a href=\"#\" style=\"color:#000;font-size:16px;\">Terms and Conditions</a></td>\r\n	      <td>●</td>\r\n	      <td style=\"padding:0;\"><a href=\"#\" style=\"color:#000;font-size:16px;\">Privacy Policy</a></td>\r\n	      </tr>\r\n	     </tbody></table>\r\n	    \r\n	    </td>\r\n	  </tr>\r\n	</tbody></table>\r\n  \r\n  </td>\r\n </tr>\r\n \r\n</tbody></table>\r\n\r\n{% include \'footer.html\' %}'),
(4237, 4, 'email', 'pt_br', '', ''),
(4238, 4, 'email', 'ja', '', ''),
(4239, 4, 'sms', 'en', '', 'Your Order Being Processed #{{order_info.order_id}}'),
(4240, 4, 'sms', 'de', '', ''),
(4241, 4, 'sms', 'ar', '', ''),
(4242, 4, 'sms', 'pt_br', '', ''),
(4243, 4, 'sms', 'ja', '', ''),
(4244, 4, 'push', 'en', 'Order Being Processed #{{order_id}}', 'Order Being Processed #{{order_id}}'),
(4245, 4, 'push', 'de', '', ''),
(4246, 4, 'push', 'ar', '', ''),
(4247, 4, 'push', 'pt_br', '', ''),
(4248, 4, 'push', 'ja', '', ''),
(4489, 51, 'email', 'en', 'New Bank Deposit Uploaded for Subscription Payment', 'Dear Admin,<br><br>We have received a new bank deposit upload for a subscription payment.<br><br>Details:<br>- **Merchant Name:** {{restaurant_name}}<br>- **Merchant Email:** {{restaurant_email}}<br>- **Subscription Plan:** {{plan_name}}<br>- **Amount:** {{amount}}<br>- **Reference Number:** {{reference_number}}<br>- **Upload Date:** {{uploaded_date}}<br><br>Please verify the payment and update the subscription status accordingly.<br><br>Best regards,<br>{{site_title}}<br><br>'),
(4490, 51, 'email', 'de', '', ''),
(4491, 51, 'email', 'ar', '', ''),
(4492, 51, 'email', 'pt_br', '', ''),
(4493, 51, 'email', 'ja', '', ''),
(4494, 51, 'sms', 'en', '', 'New bank deposit uploaded for subscription payment.\r\n\r\nMerchant: {{restaurant_name}}\r\nAmount: {{amount}}\r\nReference: {{reference_number}}'),
(4495, 51, 'sms', 'de', '', ''),
(4496, 51, 'sms', 'ar', '', ''),
(4497, 51, 'sms', 'pt_br', '', ''),
(4498, 51, 'sms', 'ja', '', ''),
(4499, 51, 'push', 'en', 'New bank deposit uploaded for subscription payment by {{restaurant_name}} with the amount of {{amount}}.', 'New bank deposit uploaded for subscription payment by {{restaurant_name}} with the amount of {{amount}}.'),
(4500, 51, 'push', 'de', '', ''),
(4501, 51, 'push', 'ar', '', ''),
(4502, 51, 'push', 'pt_br', '', ''),
(4503, 51, 'push', 'ja', '', ''),
(4504, 26, 'email', 'en', 'You have new merchant signup', '{% include \'header.html\' %}\r\n<table style=\"width:100%;\">\r\n <tbody><tr>\r\n  <td style=\"background:#fef9ef;padding:20px 30px;\">\r\n    <img style=\"max-width:20%;max-height:50px;\" src=\"{{logo}}\">\r\n  </td>\r\n </tr>\r\n <tr>\r\n   <td style=\"padding:30px;background:#ffffff;\" valign=\"middle\" align=\"left\">\r\n    \r\n    <p style=\"margin-bottom:15px;\">Hi <br></p>\r\n	\r\n	<p style=\"margin-bottom: 15px;\">You have new merchant signup.</p>	\r\n	\r\n	<h5>Customer Details</h5>\r\n	<table width=\"60%\">\r\n	 <tbody><tr>\r\n	  <td width=\"25%\">Restaurant name<br></td>\r\n	  <td>{{restaurant_name}}</td>\r\n	 </tr>\r\n	 <tr>\r\n	  <td>Address<br></td>\r\n	  <td>{{address}}</td>\r\n	 </tr>	\r\n	  <tr>\r\n	  <td>Membership Program<br></td>\r\n	  <td>{{plan_title}}</td>\r\n	 </tr>	\r\n	  <tr>\r\n	  <td>Phone number</td>\r\n	  <td>{{contact_phone}}</td>\r\n	 </tr><tr><td>Email address<br></td><td>{{contact_email}}<br></td></tr>	 \r\n	</tbody></table>\r\n	\r\n   </td>\r\n </tr>\r\n \r\n \r\n \r\n  \r\n <tr>\r\n  <td style=\"background:#fef9ef;padding:20px 30px;\">\r\n    \r\n   <table style=\"width:100%; table-layout: fixed;\">\r\n	  <tbody><tr>\r\n	    <th colspan=\"3\" style=\"text-align: left;\"><h5>Contact Us</h5></th>\r\n	    <th colspan=\"7\" style=\"text-align: left;\"><h5>For  promos, news, and updates, follow us on:</h5></th>\r\n	  </tr>\r\n	  <tr>\r\n	    <td colspan=\"3\" style=\"text-align: left; padding:0 3px;\" valign=\"top\">\r\n	     <p>{{site.address}}</p>\r\n         <p>{{site.contact}}</p>\r\n         <p>{{site.email}}</p>\r\n	    </td><td colspan=\"7\" style=\"padding:0 3px;\" valign=\"top\">\r\n	    \r\n	      {% include \'social_link.html\' %}\r\n	     \r\n	     <table>\r\n	      <tbody><tr>\r\n	      <td style=\"padding:0;\"><a href=\"#\" style=\"color:#000;font-size:16px;\">Terms and Conditions</a></td>\r\n	      <td>●</td>\r\n	      <td style=\"padding:0;\"><a href=\"#\" style=\"color:#000;font-size:16px;\">Privacy Policy</a></td>\r\n	      </tr>\r\n	     </tbody></table>\r\n	    \r\n	    </td>\r\n	  </tr>\r\n	</tbody></table>\r\n  \r\n  </td>\r\n </tr>\r\n \r\n</tbody></table>\r\n{% include \'footer.html\' %}\r\n'),
(4505, 26, 'email', 'de', '', ''),
(4506, 26, 'email', 'ar', '', ''),
(4507, 26, 'email', 'pt_br', '', ''),
(4508, 26, 'email', 'ja', '', ''),
(4509, 26, 'sms', 'en', '', 'You have new merchant signup'),
(4510, 26, 'sms', 'de', '', ''),
(4511, 26, 'sms', 'ar', '', ''),
(4512, 26, 'sms', 'pt_br', '', ''),
(4513, 26, 'sms', 'ja', '', ''),
(4514, 26, 'push', 'en', 'You have new merchant signup', 'You have new merchant signup'),
(4515, 26, 'push', 'de', '', ''),
(4516, 26, 'push', 'ar', '', ''),
(4517, 26, 'push', 'pt_br', '', ''),
(4518, 26, 'push', 'ja', '', ''),
(4564, 53, 'email', 'en', 'Your Merchant Registration is Approved', '<p>Dear {{restaurant_name}},<br><br>We are delighted to inform you that your merchant registration has been approved. You can now access your merchant panel and start managing your restaurant\'s orders, menu, and other settings.<br><br><br>You can log in to your merchant panel using the following link:<br>{{merchant_panel_url}}<br><br>If you have any questions or need assistance, please feel free to contact our support team.<br><br>Thank you for choosing our services. We look forward to a successful partnership!<br><br>Best regards,<br>{{site_title}}<br><br></p>'),
(4565, 53, 'email', 'de', '', ''),
(4566, 53, 'email', 'ar', '', ''),
(4567, 53, 'email', 'pt_br', '', ''),
(4568, 53, 'email', 'ja', '', ''),
(4569, 53, 'sms', 'en', '', ''),
(4570, 53, 'sms', 'de', '', ''),
(4571, 53, 'sms', 'ar', '', ''),
(4572, 53, 'sms', 'pt_br', '', ''),
(4573, 53, 'sms', 'ja', '', ''),
(4574, 53, 'push', 'en', 'Your registration is approved! You can now access the merchant panel to start managing your restaurant.', 'Your registration is approved! You can now access the merchant panel to start managing your restaurant.\n'),
(4575, 53, 'push', 'de', '', ''),
(4576, 53, 'push', 'ar', '', ''),
(4577, 53, 'push', 'pt_br', '', ''),
(4578, 53, 'push', 'ja', '', ''),
(4579, 52, 'email', 'en', 'Your Subscription is Approved and Account is Now Active', '<p>Dear {{restaurant_name}},<br><br>We are pleased to inform you that your bank deposit has been verified, and your subscription is now approved. Your account is active and you can now proceed to the merchant panel to start using our services.<br><br>Subscription Details:<br>- **Subscription Plan:** {{plan_name}}<br>- **Start Date:** {{start_date}}<br>- **End Date:** {{end_date}}<br><br>You can log in to your merchant panel here: {{merchant_panel_url}}<br><br>If you have any questions or need assistance, please do not hesitate to contact our support team.<br><br>Best regards,<br>{{site_title}}<br><br></p>'),
(4580, 52, 'email', 'de', '', ''),
(4581, 52, 'email', 'ar', '', ''),
(4582, 52, 'email', 'pt_br', '', ''),
(4583, 52, 'email', 'ja', '', ''),
(4584, 52, 'sms', 'en', '', 'Your subscription is approved and your account is active. You can now proceed to the merchant panel.\r\n'),
(4585, 52, 'sms', 'de', '', ''),
(4586, 52, 'sms', 'ar', '', ''),
(4587, 52, 'sms', 'pt_br', '', ''),
(4588, 52, 'sms', 'ja', '', ''),
(4589, 52, 'push', 'en', 'Subscription Approved', 'Your subscription is approved and your account is active. You can now proceed to the merchant panel.'),
(4590, 52, 'push', 'de', '', ''),
(4591, 52, 'push', 'ar', '', ''),
(4592, 52, 'push', 'pt_br', '', ''),
(4593, 52, 'push', 'ja', '', ''),
(4654, 54, 'email', 'en', 'Subscription Payment Received and Processed', '<p>Dear {{restaurant_name}},<br><br>We have successfully received and processed your subscription payment. Thank you for your prompt payment!<br><br>**Subscription Details:**<br>- **Subscription Plan:** {{plan_name}}<br>- **Amount Paid:** {{amount}}<br>- **Payment Date:** {{payment_date}}<br>- **Subscription Period:** {{start_date}} to {{end_date}}<br><br>Your account is now active, and you can continue to use all the features associated with your subscription plan.<br><br>You can log in to your merchant panel here: {{merchant_panel_url}}<br><br>If you have any questions or need further assistance, please do not hesitate to contact our support team.<br><br>Thank you for choosing our services!<br><br>Best regards,<br>{{site_title}}<br><br></p>'),
(4655, 54, 'email', 'de', '', ''),
(4656, 54, 'email', 'ar', '', ''),
(4657, 54, 'email', 'pt_br', '', ''),
(4658, 54, 'email', 'ja', '', ''),
(4659, 54, 'sms', 'en', '', ''),
(4660, 54, 'sms', 'de', '', ''),
(4661, 54, 'sms', 'ar', '', ''),
(4662, 54, 'sms', 'pt_br', '', ''),
(4663, 54, 'sms', 'ja', '', ''),
(4664, 54, 'push', 'en', 'Payment Processed', 'Your subscription payment has been successfully processed. Your account is now active. Thank you for choosing {{site_title}}!'),
(4665, 54, 'push', 'de', '', ''),
(4666, 54, 'push', 'ar', '', ''),
(4667, 54, 'push', 'pt_br', '', ''),
(4668, 54, 'push', 'ja', '', ''),
(4699, 55, 'email', 'en', 'Important: Subscription Payment Failed', '<p>Dear {{merchant_name}},<br><br>We regret to inform you that your recent attempt to process the payment for your subscription has failed.<br><br>**Subscription Details:**<br>- **Subscription Plan:** {{plan_name}}<br>- **Amount Due:** {{amount}}<br>- **Payment Date:** {{attempted_payment_date}}<br><br>Unfortunately, we were unable to process.<br><br>To ensure uninterrupted access to your subscription, please update your payment information and try again. You can update your payment details by logging in to your merchant panel using the following link:<br><br>{{merchant_panel_url}}<br><br>If the issue persists or if you need any assistance, please do not hesitate to contact our support team. We are here to help you resolve the issue as quickly as possible.<br><br>Thank you for your attention to this matter.<br><br>Best regards, &nbsp;<br>{{site_title}}<br><br></p>'),
(4700, 55, 'email', 'de', '', ''),
(4701, 55, 'email', 'ar', '', ''),
(4702, 55, 'email', 'pt_br', '', ''),
(4703, 55, 'email', 'ja', '', ''),
(4704, 55, 'sms', 'en', '', ''),
(4705, 55, 'sms', 'de', '', ''),
(4706, 55, 'sms', 'ar', '', ''),
(4707, 55, 'sms', 'pt_br', '', ''),
(4708, 55, 'sms', 'ja', '', ''),
(4709, 55, 'push', 'en', 'Subscription Payment Failed', 'Payment failed for your subscription plan. Please update your payment details in your merchant panel to avoid service disruption. Need help? Contact our support team.'),
(4710, 55, 'push', 'de', '', ''),
(4711, 55, 'push', 'ar', '', ''),
(4712, 55, 'push', 'pt_br', '', ''),
(4713, 55, 'push', 'ja', '', ''),
(4729, 56, 'email', 'en', 'Your Subscription Has Been Canceled', 'Dear {{restaurant_name}},<br><br>We’re writing to inform you that your subscription to the {{plan_name}} plan has been canceled effective {{cancellation_date}}.<br><br>**What This Means:**<br>- You will no longer have access to the features included in the {{plan_name}} plan.<br>- Your account will be placed in an inactive status, and certain services may be limited or unavailable.<br><br>**Next Steps:**<br>If this cancellation was not intended or if you wish to reactivate your subscription, please contact our support team or log in to your merchant panel to choose a new subscription plan.<br><br>We value your partnership with us and hope to continue supporting your business in the future. If there’s anything we can do to assist you or if you have any questions, please don’t hesitate to reach out to us.<br><br>Thank you for being a valued customer.<br><br>Best regards, &nbsp;<br>{{site_title}}<br>{{contact_number}}'),
(4730, 56, 'email', 'de', '', ''),
(4731, 56, 'email', 'ar', '', ''),
(4732, 56, 'email', 'pt_br', '', ''),
(4733, 56, 'email', 'ja', '', ''),
(4734, 56, 'sms', 'en', '', ''),
(4735, 56, 'sms', 'de', '', '');
INSERT INTO `st_templates_translation` (`id`, `template_id`, `template_type`, `language`, `title`, `content`) VALUES
(4736, 56, 'sms', 'ar', '', ''),
(4737, 56, 'sms', 'pt_br', '', ''),
(4738, 56, 'sms', 'ja', '', ''),
(4739, 56, 'push', 'en', '', ''),
(4740, 56, 'push', 'de', '', ''),
(4741, 56, 'push', 'ar', '', ''),
(4742, 56, 'push', 'pt_br', '', ''),
(4743, 56, 'push', 'ja', '', ''),
(4759, 9, 'email', 'en', 'Your order #{{order_info.order_id}} is accepted by {{merchant.restaurant_name}}', '{% include \'header.html\' %}\r\n\r\n\r\n\r\n<table style=\"width:100%;\">\r\n <tbody><tr>\r\n  <td style=\"background:#fef9ef;padding:20px 30px;\">\r\n    <img style=\"max-width:15%;max-height:50px;\" src=\"{{logo}}\">\r\n  </td>\r\n </tr>\r\n <tr>\r\n   <td style=\"padding:30px;background:#ffffff;\" valign=\"middle\" align=\"center\">\r\n    <h2 style=\"margin:0;\">Order Accepted<br></h2>\r\n    <p>Your order is confirmed and is now being prepared by the store. We\'ll let you know once our rider is on his way to you.</p><p>Conveniently track your order by clicking track order.<br></p>\r\n    <a href=\"{{order.order_info.tracking_link}}\" target=\"_blank\" style=\"display:block;margin:auto;max-width:200px;padding:10px;background:#3ecf8e;color:#fff;\r\n     text-decoration:none;font-size:18px;font-weight:bold;\">\r\n     Track Order\r\n     </a>\r\n    \r\n   </td>\r\n </tr>\r\n \r\n <tr>\r\n  <td style=\"background:#fef9ef;\">\r\n      {% include \'summary.html\' %}\r\n  </td>\r\n </tr>\r\n \r\n <tr>\r\n   <td style=\"background:#ffffff;\">\r\n     {% include \'items.html\' %}\r\n   </td>\r\n </tr>\r\n  \r\n <tr>\r\n  <td style=\"background:#fef9ef;padding:20px 30px;\">\r\n    \r\n    <table style=\"width:100%; table-layout: fixed;\">\r\n	  <tbody><tr>\r\n	    <th colspan=\"3\" style=\"text-align: left;\"><h5>Contact Us</h5></th>\r\n	    <th colspan=\"7\" style=\"text-align: left;\"><h5>For  promos, news, and updates, follow us on:</h5></th>\r\n	  </tr>\r\n	  <tr>\r\n	    <td colspan=\"3\" style=\"text-align: left; padding:0 3px;\" valign=\"top\">\r\n	     <p>{{site.address}}</p>\r\n         <p>{{site.contact}}</p>\r\n         <p>{{site.email}}</p>\r\n	    </td><td colspan=\"7\" style=\"padding:0 3px;\" valign=\"top\">\r\n	    \r\n	    {% include \'social_link.html\' %}\r\n	     \r\n	     <table>\r\n	      <tbody><tr>\r\n	      <td style=\"padding:0;\"><a href=\"#\" style=\"color:#000;font-size:16px;\">Terms and Conditions</a></td>\r\n	      <td>●</td>\r\n	      <td style=\"padding:0;\"><a href=\"#\" style=\"color:#000;font-size:16px;\">Privacy Policy</a></td>\r\n	      </tr>\r\n	     </tbody></table>\r\n	    \r\n	    </td>\r\n	  </tr>\r\n	</tbody></table>\r\n  \r\n  </td>\r\n </tr>\r\n \r\n</tbody></table>\r\n\r\n{% include \'footer.html\' %}'),
(4760, 9, 'email', 'de', '', ''),
(4761, 9, 'email', 'ar', '', ''),
(4762, 9, 'email', 'pt_br', '', ''),
(4763, 9, 'email', 'ja', '', ''),
(4764, 9, 'sms', 'en', '', 'Your order #{{order_info.order_id}} is accepted by {{merchant.restaurant_name}}'),
(4765, 9, 'sms', 'de', '', ''),
(4766, 9, 'sms', 'ar', '', ''),
(4767, 9, 'sms', 'pt_br', '', ''),
(4768, 9, 'sms', 'ja', '', ''),
(4769, 9, 'push', 'en', 'Your order #{{order_id}} is accepted by {{restaurant_name}}', 'Your order #{{order_id}} is accepted by {{restaurant_name}}'),
(4770, 9, 'push', 'de', '', ''),
(4771, 9, 'push', 'ar', '', ''),
(4772, 9, 'push', 'pt_br', '', ''),
(4773, 9, 'push', 'ja', '', ''),
(4789, 22, 'email', 'en', 'Your order #{{order_id}} successfully delivered', '<p>Your order #{{order_id}} successfully delivered<br></p>'),
(4790, 22, 'email', 'de', 'Your order #{{order_id}} successfully delivered', '<p>Your order #{{order_id}} successfully delivered<br></p>'),
(4791, 22, 'email', 'ar', 'Your order #{{order_id}} successfully delivered', '<p>Your order #{{order_id}} successfully delivered<br></p>'),
(4792, 22, 'email', 'pt_br', 'Your order #{{order_id}} successfully delivered', '<p>Your order #{{order_id}} successfully delivered<br></p>'),
(4793, 22, 'email', 'ja', 'Your order #{{order_id}} successfully delivered', '<p>Your order #{{order_id}} successfully delivered<br></p>'),
(4794, 22, 'sms', 'en', '', ''),
(4795, 22, 'sms', 'de', '', ''),
(4796, 22, 'sms', 'ar', '', ''),
(4797, 22, 'sms', 'pt_br', '', ''),
(4798, 22, 'sms', 'ja', '', ''),
(4799, 22, 'push', 'en', 'Your order #{{order_id}} successfully delivered', 'Your order #{{order_id}} successfully delivered'),
(4800, 22, 'push', 'de', '', ''),
(4801, 22, 'push', 'ar', '', ''),
(4802, 22, 'push', 'pt_br', '', ''),
(4803, 22, 'push', 'ja', '', '');

UPDATE st_payment_gateway set attr9='<p>Hi {{first_name}},<br><br>Deposit Instructions<br><br>Please deposit {{amount}} to :<br><br>Bank : Your bank name<br>Account Number : Your bank account number<br>Account Name : Your bank account name<br><br>When deposit is completed<br>fill in your bank deposit information {{upload_deposit_url}}<br><br><br>Kind Regards<br></p>'
where
payment_code='bank';



INSERT INTO `st_option` ( `merchant_id`, `option_name`, `option_value`, `last_update`) VALUES
(0, 'registration_confirm_account_tpl', '25', '2024-08-09 17:05:42'),
(0, 'merchant_registration_new_tpl', '26', '2024-08-09 17:05:42'),
(0, 'merchant_registration_welcome_tpl', '24', '2024-08-09 17:05:42'),
(0, 'merchant_plan_expired_tpl', '27', '2024-08-09 17:05:42'),
(0, 'merchant_plan_near_expired_tpl', '28', '2024-08-09 17:05:42'),
(0, 'merchant_bank_deposit_subscriptions', '51', '2024-08-09 17:05:42'),
(0, 'merchant_subscription_approved', '52', '2024-08-09 17:05:42'),
(0, 'merchant_registration_approved', '53', '2024-08-09 17:05:42'),
(0, 'merchant_subscription_payment_process', '54', '2024-08-09 17:05:42'),
(0, 'merchant_subscription_payment_failed', '55', '2024-08-09 17:05:42'),
(0, 'merchant_subscription_cancelled', '56', '2024-08-09 17:05:42');

INSERT INTO `st_option` ( `merchant_id`, `option_name`, `option_value`, `last_update`) VALUES
( 0, 'signup_type', 'standard', '2024-09-21 09:40:05'),
( 0, 'allow_return_home', '1', '2024-09-21 10:04:26');


INSERT INTO `st_admin_meta` (`meta_id`, `meta_name`, `meta_value`, `meta_value1`, `meta_value2`, `date_modified`) VALUES
(272, 'status_delivery_cancelled', 'cancelled', 'order cancelled\r\n', '', '2023-02-28 09:47:36'),
(234, 'status_delivery_failed', 'failed', 'Delivery failed {{remarks}}', '', '2023-02-28 09:47:36'),
(233, 'status_delivery_delivered', 'delivered', 'Status updated from {{current_status}} to {{status}}', '', '2023-02-28 09:47:36'),
(232, 'status_delivery_declined', 'declined', '{{first_name}} has decline the order {{remarks}}', '', '2023-02-28 09:47:36'),
(231, 'status_arrived_at_customer', 'arrived at customer', 'Status updated from {{current_status}} to {{status}}', '', '2023-02-28 09:47:36'),
(230, 'status_delivery_started', 'delivery started', 'Status updated from {{current_status}} to {{status}} by {{first_name}}', '', '2023-02-28 09:47:36'),
(229, 'status_order_pickup', 'order pickup', 'Status updated from {{current_status}} to {{status}}', '', '2023-02-28 09:47:36'),
(228, 'status_waiting_for_order', 'waiting for order', 'Status updated from {{current_status}} to {{status}}', '', '2023-02-28 09:47:36'),
(227, 'status_arrived_at_restaurant', 'arrived at restaurant', 'Status updated from {{current_status}} to {{status}}', '', '2023-02-28 09:47:36'),
(226, 'status_driver_to_restaurant', 'on the way to restaurant', 'Status updated from {{current_status}} to {{status}}', '', '2023-02-28 09:47:36'),
(225, 'status_acknowledged', 'acknowledged', 'Status updated from {{current_status}} to {{status}}', '', '2023-02-28 09:47:36'),
(224, 'status_assigned', 'assigned', 'assign to {{first_name}}', '', '2023-02-28 09:47:36'),
(223, 'status_unassigned', 'unassigned', 'Status updated from {{current_status}} to {{status}}', '', '2023-02-28 09:47:36');


COMMIT;

/*!40101 SET CHARACTER_SET_CLIENT=@OLD_CHARACTER_SET_CLIENT */;
/*!40101 SET CHARACTER_SET_RESULTS=@OLD_CHARACTER_SET_RESULTS */;
/*!40101 SET COLLATION_CONNECTION=@OLD_COLLATION_CONNECTION */;